??????? ?????? ?????? RUSSIAN CONTEST CLUB (?? 24.04.2022):;;;;
RCC#;CALLSIGN;CONTEST CALLSIGN;???;STATUS
1;RCC HQ;;RCC HeadQuarter;CFM
2;R9AE;;?????? ????????? ???????????;CFM
3;R2AA;;????????? ??????? ??????????;CFM
4;RZ3K;;???????? ??????? ??????????;CFM
5;RN3QO;;????? ?????? ?????????????;CFM
6;R7MZ SK;;??????? ??????? ??????????;CFM
7;UA9ACJ;;???????? ?????? ??????????;CFM
8;RU4WE SK;;?????? ???????? ??????????;CFM
9;UA1OMX;;??????? ??????? ???????????;CFM
10;RV3FF;RT2C;?????????? ?????? ?????????????;CFM
11;NT2X;;?????? ???????;CFM
12;UA4HTT;;????? ????????;CFM
13;R2OA;;Club Station;CFM
14;R3BM;;???????? ?????? ????????????;CFM
15;R8TR SK;;??????????? ?????? ???????????;CFM
16;R3KM SK;;?????? ??????? ??????????;CFM
17;R3ZV;;???????? ???? ??????????;CFM
18;RT0R;;????????? ??????;CFM
19;R7MC;;????????? ???????? ??????????????;CFM
20;RW3GW;;?????? ??????? ????????;CFM
21;UA3WW SK;;???????? ???????? ????????????;CFM
22;RW4AA SK;;????????? ?????;CFM
23;RU6K;;???????????? ?????? ?????????;CFM
24;RA4AR;;????? ???? ?????????;CFM
25;UA4LU SK;;????????? ????????? ??????????;CFM
26;R3AP;;??????? ?????? ??????????;CFM
27;A65BP;;????? ?????????;CFM
28;UB7K;;???????? ?????? ??????????;CFM
29;R8TO;;??????? ???? ???????????;CFM
30;RZ3EC;;??????????? ??????? ??????????;CFM
31;R8TT;;??????? ?????? ??????????;CFM
32;R3DCX;;??????? ??????? ??????????;CFM
33;R2QA;;??????????? ??????? ??????????;CFM
34;RA4AFZ;;?????????? ?????? ????????????;CFM
35;RG3K SK;;????? ????? ????????;CFM
36;RW7K;;????????? ?????? ?????????????;CFM
37;RK3AD;OG7F;??????? ??????? ?????????????;CFM
38;R1OO;;???????? ?????? ???????????;CFM
39;RX7K;;????? ?????????? ????????????;CFM
40;R3ZZ;;???????? ????????? ??????????;CFM
41;RN3OG;;?????? ???? ????????????;CFM
42;R8XF;;???????? ?????? ???????????;CFM
43;RD1A;;???????? ???? ???????;CFM
44;UA4RC SK;;??????? ?????? ?????????????;CFM
45;RW4WR;;????? ????????? ??????????;CFM
46;RW3VZ;;???????? ?????? ??????????;CFM
47;UA5D;;?????????? ????? ??????????;CFM
48;R7KA;;???????? ?????? ?????????????;CFM
49;RG6G;;??????? ??????? ?????????????;CFM
50;EA4HKF;;MONTERO JOSE ANTONIO;CFM
51;R6YA;;??????? ?????? ??????????;CFM
52;RT3T SK;;????? ????????? ????????????;CFM
53;UA3DPX;RM3F;???????? ?????? ????????????;CFM
54;R3QW;;??????? ???? ??????????????;CFM
55;RA3OU;;??????????? ???? ??????????;CFM
56;RN1B;;???????? ????? ???????;CFM
57;RX4W;;?????? ????? ?????????????;CFM
58;R1II;RK1I;???????? ?????? ????????????;CFM
59;R7NT;;???????? ????????? ??????????;CFM
60;R7LP;;????? ???? ??????????;CFM
61;UA0SJ;;??????? ???? ???????????;CFM
62;R7TJ;RO7T;?????? ????? ????????????;CFM
63;RX3RZ;;????? ?????? ??????????;CFM
64;R9LM;;???????? ????????? ?????????????;CFM
65;RD1T;;??????????? ?????? ??????????????;CFM
66;RX9LW SK;;???????? ????????? ??????????;CFM
67;UA6AA;;????????? ?????? ???????????;CFM
68;RA3R;;??????? ????? ???????????;CFM
69;RT3N;;????? ???????? ??????????;CFM
70;RO1B;;????????? ??????? ?????????????;CFM
71;RU4SS;RW4S;??????? ?????????? ???????;CFM
72;RW9QA;;??????????? ????????;CFM
73;RX9UL;;???????? ?????? ?????????????;CFM
74;RG9A;;??????? ???? ??????????;CFM
75;UR5EAW SK;;???????? ?????????;CFM
76;RW0UM;;??????????? ??????? ?????????;CFM
77;UR5EDX;;?????? ?????? ????????;CFM
78;US9QA SK;;????? ???????? ??????????;CFM
79;UA5C;;??????? ????????? ??????????;CFM
80;R9YU;;?????? ?????? ??????????;CFM
81;RN0CT;;???????? ????? ????????????;CFM
82;RA3ATX;;???????? ??????? ?????????????;CFM
83;UA9AX;;??????? ???????? ??????????;CFM
84;UA9PM;;?????? ?????? ????????;CFM
85;RC9O;;??????? ???????? ??????????;CFM
86;RA9AC;;?????? ???????? ????????????;CFM
87;UA3RF;R2RF;?????????? ????????? ???????????;CFM
88;RC5A;;???????? ????? ?????????????;CFM
89;UD4FD;;??????? ????????? ?????????;CFM
90;RN4AO;;?????????? ???????? ????????????;CFM
91;R3IBT;;??????? ????? ????????????;CFM
92;RM8W;;???????? ?????? ???????????;CFM
93;E73RT;;???????? ??????;CFM
94;RW9OW;;??????? ?????? ???????????;CFM
95;R9IR;;???????? ???????? ????????????;CFM
96;R7CA;;????????? ?????? ????????????;CFM
97;RO1A;;Club Station;CFM
98;R2EL;;????? ???????? ????????;CFM
99;R3VO;;?????? ???????? ????????;CFM
100;VE3DZ;;?????? ????;CFM
101;RT4F;;Contest Club station;CFM
102;UA6HZ SK;;???????? ???????;CFM
103;R8WM;;????????? ????? ?????????;CFM
104;UA6YW;;???????? ???? ?????????;CFM
105;RW3DU;;?????????? ?????? ?????????????;CFM
106;RW3DY;;???????? ??????? ???????;CFM
107;RT9S SK;;??????????? ???? ??????????;CFM
108;RN3RQ;;????? ?????? ??????????;CFM
109;R3LA;;??????? ????????? ??????????????;CFM
110;UA3RU;R3RU;?????? ???? ??????????;CFM
111;RJ2T;;????? ??????? ?????????????;CFM
112;RT1M;RA1AP;?????? ???? ?????????????;CFM
113;YL3ID;;??????? ???? ??????????;CFM
114;RW9TA;;??????? ??????? ??????????;CFM
115;RK4FF;;?????? ????????;CFM
116;R5ZG;;?????? ?? ??????????;CFM
117;RZ6FA;;??????? ??????? ??????????;CFM
118;RX6LOL;;?????????? ??????? ?????????????;CFM
119;RW0LDF;;???????? ?????? ?????????????;CFM
120;RV0AR;;??????? ????? ?????????;CFM
121;R1BDW;;???? ?????? ????????????;CFM
122;R9OK;;??????? ????? ?????????;CFM
123;UA6DX;;?????? ????? ?????????????;CFM
124;RC9T;;?????? ????????? ????????????;CFM
125;RZ4AA;;??????? ?????? ??????????;CFM
126;RV1CC;;??????? ???????? ??????????????;CFM
127;RN3N;;??????? ????????? ?????????;CFM
128;R3LC;;???????? ?????? ??????????;CFM
129;RM2P;;????? ???????? ????????????;CFM
130;R8TA SK;;???????? ??????? ?????????????;CFM
131;RA3NX SK;;??????? ?????? ??????????;CFM
132;RV6ACC;;?????????? ????????? ???????????;CFM
133;UA0JQ SK;;?????? ????;CFM
134;UA9APA;;?????? ???? ?????????????;CFM
135;UA2FZ;UI2K;?????? ????? ???????????;CFM
136;RO5O;;???????? ????????? ????????????;CFM
137;RZ4AG;;??????? ????????? ????????;CFM
138;RX9CM;;???????? ?????? ??????????;CFM
139;RY8T;;???????? ???????? ?????????????;CFM
140;RV9UP;;?????????? ??????? ??????????;CFM
141;UA0CA;;????????? ??????? ????????????;CFM
142;RW7M;;??????? ???? ??????????;CFM
143;RA3TT;;???????? ??????? ????????;CFM
144;UR5FEO;;???????? ?????? ??????????;CFM
145;UT4FJ;;?????? ????????? ?????????;CFM
146;UA4CC;;??????? ??????? ?????????;CFM
147;RW0AJ;;?????? ???????? ???????????;CFM
148;RZ9OW;;????????? ???????? ????????????;CFM
149;UF2F;;???????? ???????? ????????????;CFM
150;R5AJ;;??????? ??????? ??????????;CFM
151;RM4N;;???????? ?????? ??????????;CFM
152;R3NN;;??????? ?????? ???????;CFM
153;R4FCJ;;????? ???????? ?????????????;CFM
154;RM5D;;?????????? ????? ?????????;CFM
155;RT2F;;???????????? ????? ????????;CFM
156;R3VI;;???????? ???????? ????????;CFM
157;UA5B;;?????????? ???? ??????????;CFM
158;R3VA;;??????? ?????? ???????;CFM
159;UA0C;;???????? ????????? ??????????;CFM
160;RM5C;;????????? ???? ??????????;CFM
161;UA4NC SK;;??????? ????? ????????;CFM
162;UR4EI;;??????? ??????? ??????????;CFM
163;R2DO;;??????? ?????? ??????????;CFM
164;R3GZ;;??????? ?????? ??????????;CFM
165;RU4SU;UA4S;????????? ?????? ????????;CFM
166;RN6L;;??????? ??????? ?????????;CFM
167;RW4NW;;????????? ??????? ??????????;CFM
168;UA9R;;??????? ?????? ??????????;CFM
169;RA9AP;;?????? ????????? ????????;CFM
170;RC6U;;????? ??????? ????????????;CFM
171;RN2B;;??????? ??????? ????????;CFM
172;UA9QFF;;??????????? ?????? ????????????;CFM
173;RA0BA;;???????? ????????? ?????????;CFM
174;RN4HAB;;???????? ?????? ????????;CFM
175;R3OM;;????? ???????? ????????????;CFM
176;UA9FGJ;;????? ??????? ??????????;CFM
177;RW1CW;;????? ???????? ???????????;CFM
178;RM3Z;;?????????? ???? ??????????;CFM
179;RK9AX;;???????? ????? ?????????;CFM
180;RX9SN;RN9S;????????? ????????? ????????????;CFM
181;RT2O;;????????? ?????? ??????????;CFM
182;UA3WHS;;?????? ?????? ???????;CFM
183;R4RT;;??????? ????????? ????????????;CFM
184;RA6MQ;;????? ????????? ???????;CFM
185;UA6ADC;;???????? ??????? ?????????;CFM
186;RA9AAA;;??????? ?????? ??????????;CFM
187;RL3Q;;??????? ????? ????????;CFM
188;RA4I;;??????? ????? ?????????;CFM
189;R9TV;;??????? ?????? ??????????;CFM
190;UI9O SK;;???????? ??????? ????????;CFM
191;UD3D;;???????? ???????? ?????????;CFM
192;RM6F;RT7T;???????? ????????? ????????????;CFM
193;ZS1OIN;ZS9Z;??????? ???? ????????;CFM
194;RA7M;;???????? ???????? ?????????;CFM
195;RD0A;;??????? ??????? ????????;CFM
196;UR7QM;;????? ??????? ????????;CFM
197;RV7M;;???????? ?????? ????????;CFM
198;GU3HFN;MU2K;??????? ???? ???????????;CFM
199;RM7M;;???????? ??????? ????????????;CFM
200;UA3RC;UA3R;???????? ?????? ???????????;CFM
201;R8KAY;;????????? ????? ??????????;CFM
202;RA5W;;????????? ?????? ????????;CFM
203;RG8U;;????????? ?????? ???????????;CFM
204;R0CD SK;;????? ?????? ???????;CFM
205;RV3YR;;??????? ?????? ??????????;CFM
206;RA6HMS;;??????? ????????? ????????;CFM
207;RW1F;;????????? ?????? ?????????????;CFM
208;UR5IHQ;;??????????? ????????? ????????;CFM
209;UX1IL SK;;??????? ?????????? ??????????;CFM
210;RU0A;;????? ??????? ??????????;CFM
211;RW9WW;;???????? ????????? ??????????;CFM
212;R6CW;;?????? ????????? ?????????;CFM
213;RA4DX;;????????? ?????? ??????????;CFM
214;RT9I;;???????? ?????? ????????????;CFM
215;UR6QS;;???????? ????? ???????????;CFM
216;RA3FD;;??????? ??????;CFM
217;UN7EX SK;;???????? ????????;CFM
218;RV2A;;?????? ??????? ?????????????;CFM
219;UN7LAP;;????? ??????? ?????????;CFM
220;UA9QCP;;??????? ??????? ???????????;CFM
221;UD1A;;??????? ???????? ????????????;CFM
222;R3PA;;?????? ?????? ????????;CFM
223;W3UA;;Shablygin Eugene;CFM
224;UN1O;;Khakimov Temirkhan Mukhambetovich;CFM
225;RA6LIS;;???????? ????????? ??????????;CFM
226;R9CAC;;???????? ???????? ??????????;CFM
227;UA3AGW;;??????? ?????????? ??????????;CFM
228;RV9WB;;????????? ?????? ??????????;CFM
229;RY7Y;;???? ????????? ????????????;CFM
230;VU2UR;;Arasu Manohar;CFM
231;RU3WR;;??????? ???????? ??????????;CFM
232;RA3NC;;??????? ???? ???????????;CFM
233;RK3TD;RK2T;????? ?????? ????????????;CFM
234;RO9O;;??????? ????????? ?????????????;CFM
235;UY2IG;;??????? ????????? ????????????;CFM
236;RW9MZ;;??????? ?????? ?????????????;CFM
237;YL3FW;;?????????? ?????? ????????????;CFM
238;UA1F;;????????? ??????? ??????????;CFM
239;RA6M;;????????? ???? ??????????;CFM
240;RZ0AT;;??????????? ??????? ????????;CFM
241;R0JF;;???????? ????? ???????????;CFM
242;RA9MX;RX9M;???????? ?????? ?????????????;CFM
243;VE2GT;;Jolin Pierre;CFM
244;UF5A;;????????? ???? ????????????;CFM
245;RM8K;;????????? ????? ????????;CFM
246;R5WW;;?????????? ????? ?????????????;CFM
247;R7AT;;?????? ?????? ?????????;CFM
248;R9GM;;??????? ?????? ????????????;CFM
249;UA3OQ;;?????? ?????? ????????;CFM
250;UA9QCQ;;?????? ???? ??????????;CFM
251;RG2A;;???????? ??????? ??????????;CFM
252;R0AS;;??????? ?????? ?????????;CFM
253;R3RT;;????? ??????? ????????;CFM
254;RA4LW;UA4M;????? ???????? ??????????;CFM
255;R3YC;;???????? ?????? ??????????;CFM
256;R7GU;;"""MAYAK"" Station club";CFM
257;RU9AC;;?????????? ????????? ????????;CFM
258;UG4I;;???????? ????????? ?????????;CFM
259;R9JR;RC9J;????? ??????? ??????????;CFM
260;RK1F;;?????????? ??????? ????????????;CFM
261;OM7AT;;Suchánek Vincent -;CFM
262;R2AL;;?????? ???????? ??????????;CFM
263;RL9L;;??????? ?????? ????????????;CFM
264;UT4UQ;;????????? ????????? ?????????;CFM
265;R9CX;;???????? ??????? ?????????????;CFM
266;RV3ZN;;???? ????????? ????????;CFM
267;UG3G;;??????? ????? ??????????;CFM
268;RW9TP;;??????? ????? ?????????????;CFM
269;R4KO;;????? ???????? ??????????;CFM
270;RA0LQ;;?????? ??????? ?????????;CFM
271;RQ9O;;???????? ?????? ?????????;CFM
272;RW9QC;;??????????? ??????? ????????????;CFM
273;RK3QS;;??????? ?????? ??????????;CFM
274;RC9F;;???????? ??????? ??????????????;CFM
275;RW9AV;;???????? ?????? ?????????;CFM
276;US7IA;;???????? ???????? ????????;CFM
277;R3AAA;;?????? ???????? ?????????????;CFM
278;RW3X;;??????? ?????? ????????????;CFM
279;UA4HBW;;?????? ?????? ?????????;CFM
280;RA2FB;;????????? ????????? ????????????;CFM
281;UA6HFI;;???????? ??????? ????????;CFM
282;R9YC;;?????? ??????? ??????????;CFM
283;RA5G;;Club station;CFM
284;DL2OM;;MILKER Roland;CFM
285;UA0UV;;???????? ??????? ????????;CFM
286;RV1CB;;???????? ???? ??????????;CFM
287;N1SNB;;Demers Jeff Bowman;CFM
288;RK8A;;?????? ???????? ???????????;CFM
289;RA9SK;;???????? ?????????? ????????;CFM
290;UA4HGL;RK4K;??????? ??????? ???????????;CFM
291;R1DX;;?????????? ?????? ???????????;CFM
292;LA7GIA;LC7M;Opskar Kenneth;CFM
293;9A2EU;9A1A;Maticic Zlatko;CFM
294;UF1M;;????????? ????????? ???????????;CFM
295;RZ3R;;???????? ???? ??????????;CFM
296;NT6X;;Baker Mike J.;CFM
297;RN6AT;RN6AT;?????????? ??????? ???????;CFM
298;UA4FDK;;???????? ???????? ?????????????;CFM
299;RQ9I SK;;?????? ???? ????????????;CFM
300;RA3OA;;??????? ????? ??????????;CFM
301;R9FT;;???? ?????? ????????????;CFM
302;UA4LCQ;;??????? ????;CFM
303;UA4ALI SK;;???????? ??????? ??????????;CFM
304;R1QE;;?????? ???????? ?????????????;CFM
305;R8WO;;???????? ??????? ????????;CFM
306;RA9JM;RT9J;Krasnukhin Oleg Yurievitch;CFM
307;RT3F;;??????? ??????? ?????? ?????????? ??????????? ????? ?.?. ????????;CFM
308;RN3DCG;;??????? ?????? ????????????;CFM
309;UA7KA;;????? ?????? ????????;CFM
310;R4CI;;????????? ???? ??????????;CFM
311;UA9LAO;;????? ??????? ??????????;CFM
312;R1CAM;;?????????? ????????? ????????????;CFM
313;R2WW;;???????? ????????? ??????????;CFM
314;RM9X;;??????? ?????? ??????????;CFM
315;R3FX;;?????????? ??????? ????????????;CFM
316;IV3SKB;;Andrea Pagnussat;CFM
317;R3VL;;??????? ?????? ??????????;CFM
318;UD2F;;????????? ???????? ??????????;CFM
319;RA7KW;;?????? ????????? ??????????;CFM
320;RA9P;;??????? ??????? ???????????;CFM
321;R2HM;;?????? ???? ???????????;CFM
322;RX3VF;;????? ????????? ????????????;CFM
323;R3AQ;;????? ?????? ??????????;CFM
324;RA7KY;UW7M;?????? ?????? ??????????;CFM
325;RM8A;;??????? ????? ?????????????;CFM
326;RA3VE;;???????? ??????? ???????????;CFM
327;YL2TD;;????????? ??????? ??????????;CFM
328;RU4CK;;????????? ???????? ????????;CFM
329;RA5AD;;????? ??????? ????? ?54, Club station;CFM
330;MM3AWD;;Mcleman Scott Mr;CFM
331;R2ZA;;???????? ?????? ??????????;CFM
332;RA9SF;;???????? ?????? ????????;CFM
333;UA9UX;;?????? ?????????? ????????;CFM
334;5B8AD SK;;???????? ?????????;CFM
335;UA4SKW;;???????? ???????? ????????;CFM
336;RT3G;;?????? ?????? ??????????;CFM
337;R3FC;;???????? ???????? ???????????;CFM
338;R9HW;;?????? ??????? ?????????;CFM
339;RU8T;;???????? ????? ??????????;CFM
340;R6CS;;???????? ?????? ??????????;CFM
341;UA3PI;;???????? ???????? ??????????;CFM
342;RA9V;;????? ????????? ??????????;CFM
343;OK1VK;OK3X;SLAVICEK PAVEL;CFM
344;YC1JXU;;ANDI DARUS SALAM;CFM
345;RK9ULD;;?????? ??????? ???????????;CFM
346;UR4MS;RD2E;???????? ???????? ??????????;CFM
347;RW0AR;;??????? ??????? ?????????????;CFM
348;RA3QH;;???????? ?????? ??????????;CFM
350;R4CR;;????? ????? ????????????;CFM
351;RN6A;;??????? ?????? ?????????????;CFM
353;RK3E;;??????? ??????? ??????????;CFM
355;RT5T;;????????? ??????? ??????????;CFM
357;UA1AOS;;????? Oleg ????????;CFM
359;RK4FM;;??????? ?????? ???????;CFM
363;R3OR;;??????? ????????? ????????;CFM
365;RX6CM;;????????? ???? ???????????;CFM
366;RK6AQP;R7BF;???????? ??????? ?????????????;CFM
369;RN3Z;;???????? ?????? ?????????;CFM
370;RW3QJ;;???????? ?????? ??????????;CFM
372;UA5R;;??????? ???????? ??????????;CFM
373;R8MC;;??????? ?????? ?????????;CFM
375;RC8SC;;??????? ???? ???????????;CFM
376;RA4FUT;;???????? ???? ?????????????;CFM
377;UN7FW;;????? ????? ?????????;CFM
380;UD8V;;???????? ?????? ????????;CFM
383;RK3TT;;??????? ??????? ?????????????;CFM
384;R4FA;;??????? ????????? ?????????;CFM
390;R3KQ;;????????? ???????? ??????????;CFM
392;RW3RN;;???????? ????????? ???????;CFM
393;RL3T;;??????? ??????? ?????????????;CFM
399;R1FZ;;??????? ??????? ??????????;CFM
400;RA3DNC;;?????? ???? ????????;CFM
401;R3MAI;;???, ????????? ????? ???????? ? ??????;CFM
402;UA3AP;;????? ?????? ??????????;CFM
404;RJ4P;;????????? ????? ?????????;CFM
405;R6DBT;;???????? ??????? ??????????;CFM
408;R9YBW;;???? ???????? ????????????;CFM
410;R4RE;;??????? ???????, ??????????? ???????? - RT4RO;CFM
411;R6DJM;UI6D;???????? ????????? ???????????;CFM
412;RA3Y;;???????? ???????? ????????????;CFM
414;R3EG;;??????? ???????? ????????????;CFM
422;R9WR;;??????? ????????? ????????????;CFM
425;RW1C;;??????? ???????? ??????????;CFM
426;R3DCB;;???????? ??????? ????????????;CFM
440;R7NK;;??????? ????????? ??????????;CFM
441;RA4Y;;?????? ??????? ??????????;CFM
444;RM9RZ;;?????? ????? ????????????;CFM
445;RG5G;;????? ?????? ????????;CFM
447;UA4AQL;;????? ????????? ?????????;CFM
450;R7CF;;?????????? ?????? ??????????;CFM
454;RA0L;;??????? ????????? ??????????;CFM
456;RU7A;;???????? ??????? ????????;CFM
469;OH9FTW;;Eremin Vladimir Sergeevich;CFM
473;4K6FO;;Mammadov Alim Umud;CFM
474;RJ4F;;?????? ????? ??????????;CFM
477;R4CU;;??????? ??????? ??????????;CFM
488;R6NC;R6LHD;??????? ????? ??????????;CFM
490;RW0A;;??????? ???????;CFM
499;RK3T;;"????????? ""??????? ???""";CFM
500;UA7G;;?????? ???????? ?????????????;CFM
505;RA7C;UI7C;???????? ???? ???????????;CFM
509;UN5C SK;;????????? ?????? ??????????;CFM
515;UI4F;;?????? ???? ??????????;CFM
525;R3SM SK;;?????? ????????? ?????????;CFM
526;RO9L;;?????? ????????? ??????????;CFM
527;UX0LL;UZ3U;???????? ????????? ????????????;CFM
540;R1TE;RM1T;????????? ??????? ???????????;CFM
543;RX4HJ;;??????? ???? ????????;CFM
544;R9FM SK;;????? ???????? ?????;CFM
550;RM3G;;?????? ???????? ??????????;CFM
555;RM1Z;;??????? ????????? ????????????;CFM
556;LZ1YE;LZ5Y;Kolev Atanas Petrov;CFM
559;R7FO;;??????? ?????? ????????;CFM
565;R0AI;;?????? ???????? ?????????;CFM
566;R7KW;;???? ?????? ??????????;CFM
567;R5RC;;??????? ????? ??????????;CFM
573;RL3F;R5DC;????????? ??????? ??????????;CFM
575;A41CK;A42K;Khalid Al Riyami;CFM
577;OK2FD;;Karmasin Karel Jan;CFM
585;RX1CQ;RC1C;??????? ??????? ?????????????;CFM
590;UA3RE SK;;??????? ????????? ??????????;CFM
595;UT2II;;??????? ?????? ??????????;CFM
599;R7LV;;???????? ???????? ??????????;CFM
600;UC0A;;?????????? ?????? ??????????;CFM
606;RM0A;;?????? ?????? ???????????;CFM
611;R2DYG;;????? ????? ?????????;CFM
650;4Z1MS;;????? ?????? ????????????;CFM
666;RA0AM;;?????? ?????? ?????????????;CFM
667;UR7MZ;;???????? ???????? ??????????;CFM
669;RL4F;;???????? ???????? ??????????;CFM
673;RA1ZZ;;??????? ??????? ??????????;CFM
677;OZ2I;;Andresen Henning;CFM
696;RN1F;;????????? ????????? ?????????;CFM
700;RM3Q;;Club Station;CFM
701;UA4LL;UF4M;??????? ????? ??????????;CFM
707;RZ3Z;;?????? ?????? ????????;CFM
711;RO3G SK;;????? ???????? ??????????;CFM
713;R4FD;RY4F;???????? ??????? ????????????;CFM
717;R8UT;;??????? ?????? ???????????;CFM
722;RK2M;;????? ???????? ??????????;CFM
730;LZ5DB;LZ5R;????? ????? ????????;CFM
732;RC5Z;;???????? ??????? ?????????????;CFM
733;YO8SS SK;;Coca Alexandru Pavlic;CFM
737;R5FQ;;?????? ??????? ????????????;CFM
739;NT2A;;?????? ???????? ?????????;CFM
745;RZ5D;;????? ?????? ????????????;CFM
756;RW4C;;?????????? ??????? ????????????;CFM
761;UA9MA;;???????? ???????? ????????;CFM
770;RD3M;;??????? ??????? ???????????;CFM
771;RK1M;;??????? ????????????;CFM
773;RW7F;;?????? ????? ????????;CFM
775;9A5X;;MARTINCEVIC DARKO MARTIN;CFM
777;R2DA;;????????? ??????? ???????????;CFM
787;RX3F;;?????? ?????? ??????????;CFM
791;RM5F;;????????? ??????? ???????????;CFM
797;RN0A;;??????? ???????? ??????????;CFM
799;RU7M;;??????? ???????;CFM
800;RW1A;;??????? ???????? ????????????;CFM
808;RN3TT;;??????? ???????;CFM
818;RW9LL;;?????? ????? ??????????;CFM
870;R5EM;RO2E;???????? ?????? ????????????;CFM
873;RA9J;RT9J;???????? ??????? ??????????;CFM
888;LZ1ZF;LZ9Z;??????????? ?????? ????????;CFM
900;R9AB;;???????? ?????? ??????????;CFM
909;RK4W;;Club station;CFM
911;ES4RX;;Kuznetsov Valeri;CFM
926;US5VX;;??????? ??????? ????????????;CFM
929;R0BI;;??????? ???? ??????????;CFM
950;UA6LCN;;??????? ??????? ???????????;CFM
951;UN2L SK;;?????? ??????? ??????????;CFM
966;SM6LRR;RM2D;Strandberg Mats;CFM
973;RA9YON;;????? ??????? ???????;CFM
977;RM4HZ;UA4K;?????? ????????? ??????????;CFM
986;RC9A;;????? ?????? ?????????????;CFM
995;UZ2I;;Club Station;CFM
997;RU9I;;Podmarkov ?????? ?????????;CFM
998;UA4NDX;;??????? ???????? ????????;CFM
999;UA9OA SK;;?????? ????????? ??????????;CFM
1000;RU3AX SK;;???????? ????? ???????????;CFM
