continent,host,port,n1mm_reports,n1mm_success_pct,dns,tcp_connect
AF,82.66.16.120,7300,13,100,YES,YES
AF,83.59.254.245,7300,353,96,YES,NO
AF,9a0dxc.hamradio.hr,8000,70,95,YES,YES
AF,cluster.f1led.fr,7300,39,80,YES,YES
AF,cluster.s53m.com,8000,12,92,YES,YES
AF,dxc.k1ttt.net,7373,267,78,YES,NO
AF,dxc.w3lpl.net,7373,57,83,YES,YES
AF,dxfun.com,8000,447,93,YES,YES
AF,dxfuncluster.com,8000,1287,94,YES,YES
AF,dxusa.net,7300,21,91,YES,YES
AF,ea4ure.com,7300,164,90,YES,YES
AF,ea8url.ddns.net,7300,1478,96,YES,YES
AF,eadx.org,23,160,99,YES,YES
AF,eadx.org,7300,24,92,YES,YES
AF,f5mzn.org,9000,55,96,YES,YES
AF,lu9da.no-ip.org,9000,40,91,YES,YES
AF,lz7aa.com,7300,43,88,YES,YES
AF,rbn.telegraphy.de,7000,58,92,YES,YES
AF,rbpi-radio,7300,67,91,NO,NO
AF,rbpi-vhf,7300,86,95,NO,NO
AF,s50dxs.s53m.com,8000,95,95,YES,YES
AS,1.15.112.241,7373,59,89,YES,YES
AS,123.206.60.199,7373,90,96,YES,YES
AS,131.147.192.103,7550,79,86,YES,YES
AS,188.226.41.179,7300,866,80,YES,YES
AS,194.37.80.40,7300,14,78,YES,YES
AS,213.91.178.214,7200,27,84,YES,YES
AS,5925.jp,7000,34,89,YES,YES
AS,5925.jp,7300,1571,91,YES,YES
AS,85.90.163.103,9000,29,85,YES,YES
AS,91.240.139.65,7300,118,78,YES,YES
AS,9a0dxc.hamradio.hr,7300,21,91,YES,YES
AS,9m2pju.hamradio.my,7300,798,80,YES,YES
AS,ar.bg2tfw.com,7373,2502,88,YES,YES
AS,ar.bg4wom.club,7373,25015,87,YES,YES
AS,ar.bg4wom.cn,7373,1408,87,YES,YES
AS,arc.jg1vgx.net,7000,7641,87,YES,YES
AS,bh3bbj.f3322.net,7300,633,78,YES,YES
AS,bh3bbj.f3322.net,7373,2215,83,YES,YES
AS,bh3bbj.rfsec.cn,7300,12090,83,YES,YES
AS,bh3bbj.rfsec.cn,7373,7829,86,YES,YES
AS,ccc.dh8wr.com,7373,132,81,YES,YES
AS,ccc.jg1vgx.net,7373,1989,79,YES,YES
AS,cluster.hrdlog.net,7373,546,80,YES,YES
AS,cluster.ve3eid.com,9000,14,82,YES,YES
AS,dj1yfk.de,7300,34,89,YES,YES
AS,dx.obninsk.org,41112,600,83,YES,YES
AS,dx.rk3awl.ru,7300,229,84,YES,NO
AS,dxc.bg4wom.club,7373,8915,87,YES,YES
AS,dxc.by4ly.cn,7300,95,86,YES,YES
AS,dxc.jg1vgx.net,7300,3988,86,YES,YES
AS,dxc.n2wls.com,7300,11,85,YES,YES
AS,dxc.wc2l.com,7373,176,81,YES,YES
AS,dxc.wi3w.net,7300,10,77,YES,YES
AS,dxspider.co.uk,7300,64,81,YES,YES
AS,hamqth.com,7300,174,81,YES,YES
AS,ja2yyf.d2g.com,7373,1495,75,YES,YES
AS,ja3yaq.ampr.org,9000,116,75,YES,YES
AS,jg1vgx.net,7373,153,81,YES,YES
AS,jh1rfm.ddo.jp,7300,14,88,YES,YES
AS,k3lr.com,23,91,78,YES,YES
AS,mayodx.ath.cx,7300,22,76,YES,YES
AS,nc7j.com,7373,12,75,YES,YES
AS,odxc.ru,8000,90,81,YES,YES
AS,on0dxk.dyndns.org,8000,770,90,YES,YES
AS,pa1rbz.dyndns.org,9000,36,75,YES,YES
AS,r5acq.no-ip.org,7373,88,88,YES,YES
AS,skimmer.n2ac.com,7350,35,76,YES,NO
AS,sv2hrt.ath.cx,7300,98,78,YES,NO
AS,w3lpl.net,7373,2858,82,YES,YES
AS,w9pa.net,7373,852,78,YES,NO
AS,wb4qoj.no-ip.org,7373,436,76,YES,YES
AS,www.bg4wom.club,7373,12372,86,YES,YES
AS,www.bg8nud.com,23,2270,77,YES,YES
AS,www.bg8nud.com,7373,14997,92,YES,YES
EU,172.218.12.120,23,117,85,YES,YES
EU,172.31.0.73,7300,75,79,YES,NO
EU,178.62.30.159,7300,445,89,YES,YES
EU,185.155.226.147,8000,1929,91,YES,YES
EU,194.208.43.61,7373,24,77,YES,NO
EU,194.36.145.88,7373,120,94,YES,YES
EU,195.93.149.87,7373,50,79,YES,YES
EU,20.52.236.148,8000,583,86,YES,NO
EU,208.125.133.190,7373,72,91,YES,NO
EU,216.172.112.208,23,1933,91,YES,YES
EU,217.182.223.38,23,351,90,YES,YES
EU,44.131.121.191,8001,57,85,YES,NO
EU,44.148.230.73,7300,162,80,YES,NO
EU,44.31.102.250,7300,48,83,YES,YES
EU,44.52.120.88,7373,1031,91,YES,YES
EU,46.226.178.86,8000,142,89,YES,YES
EU,66.183.208.25,23,66,85,YES,NO
EU,68.210.227.23,8000,12,100,YES,YES
EU,77.174.195.163,7300,547,92,YES,YES
EU,77.174.195.163,7388,352,90,YES,YES
EU,77.221.41.73,7550,23,92,YES,YES
EU,80.229.71.244,7300,119,91,YES,NO
EU,80.34.3.9,23,154,86,YES,NO
EU,81.149.0.149,7300,996,93,YES,YES
EU,81.174.245.245,7300,351,94,YES,YES
EU,85.90.163.103,12222,611,90,YES,YES
EU,88.99.84.60,7000,26,90,YES,YES
EU,89.212.137.245,41112,28,97,YES,YES
EU,90.155.35.170,7300,822,96,YES,YES
EU,95.175.23.155,7550,37,88,YES,YES
EU,99.199.165.11,23,68,89,YES,NO
EU,ae5e.com,23,919,90,YES,YES
EU,arc6.ddns.net,7373,60,92,YES,YES
EU,azure.s53m.com,8000,4124,91,YES,YES
EU,ccc.dh8wr.com,8000,216,84,YES,YES
EU,cluster.cdxc.org.uk,7300,1613,91,YES,YES
EU,cluster.dl9gtb.de,7373,2246,83,YES,NO
EU,cluster.ea2rcf.org,7300,75,87,YES,YES
EU,cluster.gautxori.com,7300,229,86,YES,YES
EU,cluster.hrdlog.net,7300,1019,90,YES,YES
EU,cluster.iz3mez.it,8000,817,91,YES,YES
EU,cluster.lz7aa.com,7300,3818,91,YES,YES
EU,cluster.n2wq.com,7300,1413,95,YES,YES
EU,cluster.n2wq.com,7373,2151,97,YES,YES
EU,cluster.n2wq.com,8073,10,91,YES,YES
EU,cluster.n2wq.com,8300,11,79,YES,YES
EU,cluster.n2wq.com,9000,1621,95,YES,YES
EU,cluster.oe9.oevsv.at,7373,17,89,YES,NO
EU,cluster.om0rx.com,7300,511,93,YES,NO
EU,cluster.qrzcq.com,8000,311,84,YES,YES
EU,cluster.riodxgroup.com,7000,52,90,YES,YES
EU,cluster.sk4bw.net,8000,3608,92,YES,YES
EU,cluster.sota.org.uk,7300,115,90,YES,YES
EU,cluster.ve3eid.com,8300,19,100,YES,YES
EU,db0erf.de,7300,3161,92,YES,NO
EU,db0erf.de,41113,4217,92,YES,NO
EU,db0ovp.de,4111,228,89,YES,YES
EU,db0sue.de,8000,7260,86,YES,YES
EU,df2ck.goip.de,7550,99,80,YES,NO
EU,dj1yfk.de,7000,2501,94,YES,YES
EU,dl8fcl.dyndns.org,8000,628,94,YES,YES
EU,dl8las.dyndns.org,7300,125,84,YES,YES
EU,dm3ks.de,7300,332,97,YES,YES
EU,dm4x.ddns.net,8500,44,96,YES,YES
EU,dr5x.dyndns.org,7300,132,88,YES,YES
EU,dx.da0bcc.de,7300,23362,97,YES,YES
EU,dx.da0bcc.de,8000,1946,94,YES,YES
EU,dx.ea7jxh.eu,7300,243,93,YES,YES
EU,dx.feerc.ru,8000,129,83,YES,YES
EU,dx.hamnet.network,7300,233,91,YES,YES
EU,dx.iz2wya.it,7300,30,97,YES,NO
EU,dx.iz7auh.net,8000,595,93,YES,YES
EU,dx.iz8mbw.net,7300,158,93,YES,YES
EU,dx.jestok.com,7300,580,81,YES,YES
EU,dx.k3lr.com,23,1731,93,YES,YES
EU,dx.km3t.net,23,27,79,YES,YES
EU,dx.km3t.net,7373,102,77,YES,YES
EU,dx.n9jr.com,7300,165,93,YES,YES
EU,dx.prgm.org,41112,10,100,YES,YES
EU,dx.scarcnj.org,7300,22,76,YES,YES
EU,dx.ve2hew.com,7300,27,96,YES,YES
EU,dx.w1nr.net,23,180,93,YES,YES
EU,dx1.g5gdx.com,7300,71,99,YES,YES
EU,dxc.ai9t.com,7300,144,84,YES,YES
EU,dxc.dxusa.net,7300,10,83,YES,YES
EU,dxc.es3v.ee,7300,231,90,YES,YES
EU,dxc.g3lrs.org.uk,7300,2114,93,YES,YES
EU,dxc.hamserve.uk,7300,43,98,YES,YES
EU,dxc.iapc.ch,8000,15,75,YES,YES
EU,dxc.k0xm.net,7300,14,93,YES,YES
EU,dxc.k2ls.com,23,58,88,YES,NO
EU,dxc.kfrr.kz,8000,37,79,YES,YES
EU,dxc.km3t.net,7373,37,90,YES,YES
EU,dxc.leadmon.net,7300,107,96,YES,YES
EU,dxc.mx0nca.uk,7300,57,84,YES,YES
EU,dxc.mx0nca.uk,7373,2677,95,YES,YES
EU,dxc.n2ki.com,7300,35,92,YES,YES
EU,dxc.n2wq.com,7300,192,91,YES,YES
EU,dxc.n2wq.com,7373,858,96,YES,YES
EU,dxc.n2wq.com,8300,213,89,YES,YES
EU,dxc.n2wq.com,9000,13,87,YES,YES
EU,dxc.n2yo.net,7300,406,92,YES,YES
EU,dxc.n4zkf.com,7373,13,100,YES,YES
EU,dxc.pe1itr.com,7300,3310,94,YES,YES
EU,dxc.pi4cc.nl,8000,10230,88,YES,NO
EU,dxc.r1bet.ru,7300,49,92,YES,YES
EU,dxc.r5acq.ru,7373,60,90,YES,YES
EU,dxc.rc3c.ru,17300,473,88,YES,YES
EU,dxc.sm7iun.se,23,818,93,YES,YES
EU,dxc.sm7iun.se,7300,1567,96,YES,YES
EU,dxc.sm7iun.se,7373,1232,84,YES,YES
EU,dxc.sv5fri.eu,7300,354,77,YES,YES
EU,dxc.sv9djo.eu,7300,81,84,YES,NO
EU,dxc.ve3zin.com,7300,29,83,YES,YES
EU,dxc.w1nr.net,23,214,76,YES,YES
EU,dxc.w3lpl.net,23,150,83,YES,YES
EU,dxc.w4mya.us,7373,1891,93,YES,YES
EU,dxc.w8wts.net,23,21,81,YES,YES
EU,dxc.w8wts.net,7373,13,87,YES,YES
EU,dxc.w9pa.net,7373,25,76,YES,NO
EU,dxc.wa9pie.net,8000,2069,94,YES,YES
EU,dxcc.km3t.net,7373,16,80,YES,YES
EU,dxcluster.cronux.net,7300,1040,94,YES,YES
EU,dxcluster.df7gb.de,7301,453,89,YES,YES
EU,dxcluster.f4gve.net,7300,81,79,YES,YES
EU,dxcluster.f5len.org,7373,2601,91,YES,YES
EU,dxcluster.ha8tks.hu,7373,1250,91,YES,YES
EU,dxcluster.ha8tks.hu,12222,256,91,YES,YES
EU,dxcluster.hadxc.hu,7373,4803,95,YES,YES
EU,dxcluster.hadxc.hu,7775,114,88,YES,YES
EU,dxcluster.hadxc.hu,7777,262,93,YES,YES
EU,dxcluster.hadxc.hu,8000,470,89,YES,YES
EU,dxcluster.hadxc.hu,8873,864,95,YES,YES
EU,dxcluster.hadxc.hu,9000,2628,96,YES,YES
EU,dxcluster.hb9vqq.ch,7300,285,87,YES,YES
EU,dxcluster.lipkowski.org,7300,1437,86,YES,YES
EU,dxcluster.oevsv.at,7300,1460,93,YES,YES
EU,dxcluster.pa2ta.nl,7300,1287,90,YES,NO
EU,dxcluster.pl,7300,4001,93,YES,YES
EU,dxmaps.com,7300,626,90,YES,YES
EU,dxspider.dl2cc.de,7300,531,92,YES,YES
EU,dxspider.hb9on.net,8000,403,87,YES,YES
EU,dxspots.com,23,2026,88,YES,YES
EU,dxspots.com,7300,1443,91,YES,YES
EU,dxspots.net,23,71,82,YES,YES
EU,ea1dx.lynxdxg.com,23,6623,90,YES,YES
EU,ea1dx.lynxdxg.com,7373,23,96,YES,YES
EU,ea4fit.ddns.net,8000,335,91,YES,YES
EU,ea4fit.ddns.net,9000,382,89,YES,YES
EU,ea4rch.dxfun.com,8000,2949,82,YES,YES
EU,ea4ure.com,23,4775,93,YES,YES
EU,ea5urm.dns2go.com,7000,38,76,YES,YES
EU,ed1zac.net,8000,14,100,YES,YES
EU,ed3zak-5.ddns.net,8000,10,100,YES,YES
EU,ei7sdx.ath.cx,7300,172,91,NO,NO
EU,elgur.crabdance.com,7300,26,87,YES,YES
EU,f4iaadx.ddns.net,7300,53,91,YES,YES
EU,f6bvp.org,7300,27,79,YES,YES
EU,foc.dj1yfk.de,7300,4958,95,YES,YES
EU,foc.dj1yfk.de,7373,219,91,YES,YES
EU,g0trt.uk,7300,289,87,NO,NO
EU,g4bfg.net,7300,182,96,YES,YES
EU,g4piq.freeddns.org,7300,3216,88,YES,YES
EU,g6nhu.getmyip.com,7300,734,85,YES,YES
EU,gb7baa.com,7300,5383,95,YES,YES
EU,gb7djk.dxcluster.net,7300,10405,83,YES,YES
EU,gb7dxg-1.lebs.org.uk,7300,987,95,YES,YES
EU,gb7dxg.lebs.org.uk,7373,518,88,YES,YES
EU,gb7dxm.freeddns.org,7300,3226,94,YES,YES
EU,gb7mbc.net,8000,5184,89,YES,YES
EU,gb7mbc.spoo.org,8000,3385,84,YES,NO
EU,gb7mrs.freeddns.org,7300,183,86,YES,YES
EU,gb7nhr.dynu.net,7300,175,78,YES,YES
EU,gb7rau.dxcluster.net,7374,1167,86,YES,YES
EU,gb7vax.serveftp.com,7300,156,79,YES,YES
EU,gw.ham.to,7000,288,95,YES,YES
EU,ham.connect.fi,7300,3247,96,YES,YES
EU,ham.pa2ta.nl,7300,1515,94,YES,NO
EU,hamalert.org,7300,783,88,YES,YES
EU,hamradio.isel.ipl.pt,41112,3100,97,YES,YES
EU,hfpredictor.cronux.net,7304,25,86,YES,YES
EU,hg8lxl.ham.hu,8000,2575,95,YES,YES
EU,hrd.wa9pie.net,8000,1629,95,YES,YES
EU,ik2jub.ddns.net,7300,10,91,YES,NO
EU,ik2wad.com,7300,281,89,YES,YES
EU,ik2xde.ddns.net,8000,903,94,YES,YES
EU,ik3stg.ddns.net,8000,844,92,YES,YES
EU,ik4icz-5.dyndns.org,7300,1670,88,YES,YES
EU,ik4icz-6.dyndns.org,8000,107,78,YES,YES
EU,ik4icz.dyndns.org,8000,163,75,YES,YES
EU,ik4pkl.ddns.net,7300,63,89,YES,YES
EU,ik5pwj-6.dyndns.org,8000,2638,88,YES,YES
EU,ik7nxu.dyndns.org,8000,125,85,YES,NO
EU,ik8hjc.dyndns.org,8000,453,96,YES,YES
EU,iq8do.aricaserta.it,7300,42,88,YES,YES
EU,ir2ugi.dyndns.org,8000,35,80,YES,NO
EU,ir2ugi.dyndns.org,50000,13,93,YES,YES
EU,iw2noy.ddns.net,7300,59,77,YES,YES
EU,iw3ifj.ddns.net,8000,340,92,YES,NO
EU,iz8bri.dyndns.org,9000,1072,95,YES,YES
EU,k1eu.ddns.net,23,77,79,YES,YES
EU,k1ttt.net,7373,18,86,YES,NO
EU,k1vu.miketheactuary.com,4242,13,76,YES,YES
EU,k4zr.no-ip.org,7300,10,83,YES,YES
EU,k7ar.net,7373,164,89,YES,YES
EU,kg4v.miketheactuary.com,7373,214,89,YES,YES
EU,klub.sp2put.pl,7300,1320,83,YES,NO
EU,la3waa.ddns.net,8000,16,89,YES,YES
EU,la7q.ddns.net,7373,748,91,YES,YES
EU,la7q.ddns.net,9000,332,89,YES,YES
EU,lplicens.tplinkdns.com,7300,20,77,YES,YES
EU,newskimmer.ddns.net,7300,30,79,YES,YES
EU,nolcluster.on8ar.eu,7300,1584,95,YES,YES
EU,oc.lipkowski.org,7300,255,81,YES,YES
EU,oh1af.fi,8000,2718,92,YES,YES
EU,ok0dxi.nagano.cz,41112,62,89,YES,YES
EU,on0llv-5.on6ll.be,7300,882,89,YES,YES
EU,on0llv-6.on6ll.be,7373,1619,93,YES,YES
EU,oz5bbs.dk,8000,550,94,YES,YES
EU,oz5bbs.no-ip.org,8000,1404,95,YES,YES
EU,pa2ta.nl,7300,63,77,YES,NO
EU,pi1ztm.ddns.net,7373,654,89,YES,YES
EU,pi4cc.nl,8000,51,84,YES,YES
EU,portaldoradioamador.pt,7300,34,85,YES,YES
EU,pota-cluster.iz2lsc.eu,7373,1017,94,YES,YES
EU,py5jo.no-ip.org,8000,29,88,YES,YES
EU,radio.nagano.cz,41112,454,95,YES,YES
EU,rbn.dh8wr.com,7373,2731,92,YES,YES
EU,rbn.w1dx.com,7373,281,88,YES,YES
EU,s50arx.hamradio.si,7300,1792,77,YES,NO
EU,s50arx.hamradio.si,7373,1748,80,YES,NO
EU,s50arx.hamradio.si,7374,349,78,YES,NO
EU,s50arx.hamradio.si,7376,1260,79,YES,NO
EU,s50arx.hamradio.si,7377,852,78,YES,NO
EU,s50clx.infrax.si,41112,10024,90,NO,NO
EU,s50clx.infrax.si:41112,23,246,79,NO,NO
EU,s50clx.s50e.si,41112,283,92,YES,YES
EU,s50clx.si,41112,1438,95,YES,YES
EU,s54l.duckdns.org,7310,17,85,YES,YES
EU,sector7.nu,8000,17,94,YES,YES
EU,shandx.ath.cx,5000,438,92,NO,NO
EU,shandx.ath.cx,7300,44,81,NO,NO
EU,sk3w.se,8000,8707,93,YES,YES
EU,skim,7373,89,89,NO,NO
EU,skimmer.skccgroup.com,7000,825,92,YES,YES
EU,skm,7373,177,81,NO,NO
EU,sm6hoc.se,7300,275,90,YES,YES
EU,sm7gvf.dyndns.org,8000,1053,81,YES,NO
EU,sp5gq.ddns.net,7550,104,92,YES,YES
EU,spider.ham-radio-deluxe.com,8000,314,90,YES,YES
EU,spider.hb9on.net,8000,220,89,YES,YES
EU,spider.sdr-radio.com,8000,160,87,YES,NO
EU,sv5byr.no-ip.org,7300,1433,92,YES,YES
EU,telnet.dxcontest.org,7320,181,94,YES,YES
EU,telnet.yo2kar.ro,7300,17,77,YES,YES
EU,va3mw.homeip.net,41112,25,96,YES,YES
EU,w3gq.no-ip.com,23,16,100,YES,YES
EU,w4dxa.no-ip.com,23,11,79,YES,YES
EU,ws7i.ewarg.org,7300,270,78,YES,YES
EU,wscc.uzice.net,7331,113,78,YES,NO
EU,www.cqgma.org,7300,45,87,YES,NO
EU,www.db0erf.de,41113,436,94,YES,NO
EU,www.dxspots.com,23,19,95,YES,YES
EU,www.gb7mbc.net,8000,190,75,YES,YES
EU,www.on4kst.info,23000,55,85,YES,YES
EU,www.pi4cc.nl,8000,1395,88,YES,YES
EU,www.sk6aw.net,8000,190,81,YES,NO
EU,www.ure.es,23,319,92,YES,YES
EU,www.ure.es,7300,205,86,YES,YES
EU,yo2kar.ddns.net,7300,375,84,NO,NO
EU,zavod.remoltd.com,8000,104,88,YES,YES
EU,zoo.del.bg,7373,359,87,YES,NO
EU,zoo.del.bg,7550,77,82,YES,NO
NA,167.235.194.110,7000,28,90,YES,YES
NA,172.17.21.116,7373,38,78,YES,NO
NA,172.25.35.40,7373,17,85,YES,NO
NA,192.238.0.245,7550,78,83,YES,YES
NA,45.33.71.104,7300,20,95,YES,YES
NA,52.14.178.50,7373,253,91,YES,YES
NA,52.14.178.50,9000,184,96,YES,YES
NA,54.204.236.17,7300,45,87,YES,YES
NA,64.57.165.114,9000,85,91,YES,YES
NA,67.241.166.1,7300,574,93,YES,YES
NA,71.127.59.53,7300,139,75,YES,NO
NA,71.127.59.53,7550,253,88,YES,NO
NA,96.241.167.159,7300,49,88,YES,NO
NA,96.241.167.159,7550,124,87,YES,NO
NA,aggregator7550.ddns.net,7550,116,89,YES,YES
NA,cedrick.io,7300,26,84,NO,NO
NA,chatham.org,6600,127,81,YES,NO
NA,cluster.ve3eid.com,8000,39,81,YES,YES
NA,cluster.w3rga.org,7373,127,77,NO,NO
NA,coffeelakej,7300,178,90,NO,NO
NA,dx.cqspot.com,1234,59,77,YES,NO
NA,dx.ka2pbt.com,7300,55,90,YES,NO
NA,dx.svs.com,7300,663,97,YES,NO
NA,dx.w1nr.net,7300,1652,93,YES,YES
NA,dx.w8bs.net,7300,29,88,YES,YES
NA,dxc.ae3n.us,7300,187,82,YES,YES
NA,dxc.dxusa.net,7373,811,93,YES,YES
NA,dxc.f2f.us,7300,70,95,YES,YES
NA,dxc.k4gso.com,7373,414,93,YES,YES
NA,dxc.k9aj.net,23,127,78,YES,YES
NA,dxc.ka3nam.com,7300,25,83,YES,YES
NA,dxc.n1rbd.radio,7300,95,76,YES,YES
NA,dxc.n8usk.com,7373,601,94,YES,YES
NA,dxc.nc7j.com,1927,6870,80,YES,YES
NA,dxc.nc7j.com,7300,14,82,YES,YES
NA,dxc.nc7j.com,7373,11754,81,YES,YES
NA,dxc.nc7j.com,7374,159,82,YES,YES
NA,dxc.ng7m.com,7300,1344,95,YES,YES
NA,dxc.ng7m.com,7373,51,98,YES,YES
NA,dxc.tdxs.net,7373,2065,93,YES,YES
NA,dxc.ve7cc.net,23,702,91,YES,YES
NA,dxc.ve7cc.net,7373,7875,92,YES,YES
NA,dxc.w1nr.net,7300,17,100,YES,YES
NA,dxc.w1ve.com,23,773,80,NO,NO
NA,dxc.w3rga.radio,7373,45,76,NO,NO
NA,dxc.wb3ffv.us,7300,133,97,YES,YES
