1,KA3X,2000-09-21
2,AG4CZ,2000-09-22
3,K8YS,2000-09-27
4,CT4MS,2000-09-27
5,W3ZJ,2000-10-01
6,KC1DI,2000-10-12
7,DL2RR,2000-10-12
8,W4LC,2000-10-13
9,YO5CRQ,2000-10-17
10,N3DQU,2000-10-27
11,N3OJV,2000-10-28
12,W5EC,2000-10-28
13,VK2BFC,2000-11-05
14,K3CKO,2000-11-06
15,KF4JWF,2000-11-06
16,W4YTC,2000-11-08
17,W2AFD,2000-11-12
18,K5COX,2000-11-13
19,KF8OR,2000-11-22
20,K8NHR,2000-11-27
21,W5SBH,2000-11-28
22,K9EEI,2000-12-07
23,W8FDV,2000-12-18
24,WA7OK,2000-12-27
25,W3HF,2000-12-24
26,N6YIH,2001-01-01
27,DM5GI,2001-01-04
28,N3XC,2001-01-05
29,N3KNZ,2001-01-17
30,SV1ENS,2001-01-18
31,WM2U,2001-01-22
32,AA8QQ,2001-01-28
33,OK1AK,2001-02-01
34,W9FIF,2001-02-09
35,DL2AYL,2001-02-12
36,KB1FOT,2001-02-15
37,K5SIT,2001-02-18
38,K8IJ,2001-02-19
39,YL2FD,2001-02-27
40,W2CZ,2001-02-27
41,SM7WDS,2001-03-03
42,KU4FP,2001-03-03
43,W0QL,2001-03-03
44,K6SRZ,2001-03-05
45,K0JAL,2001-03-08
46,DL5CE,2001-03-13
47,KA0VXK,2001-03-13
48,W1SQL,2001-03-13
49,MM0BSM,2001-03-14
50,N1ZZZ,2001-03-14
51,KF7R,2001-03-16
52,WU4O,2001-03-19
53,DH1AKG,2001-03-19
54,VE3CT,2001-03-21
55,WA5EOG,2001-03-23
56,K3PSK,2001-03-25
57,LZ4BU,2001-03-28
58,N8PSK,2001-03-30
59,N1EZO,2001-04-03
60,K6CEG,2001-04-03
61,ON4CAS,2001-04-03
62,K9HKS,2001-04-03
63,OH6IW,2001-04-03
64,OK1HBO,2001-04-03
65,W4IHI,2001-04-03
66,NH6K,2001-04-10
67,W8EWH,2001-04-10
68,KB5XG,2001-04-10
69,KC0DEB,2001-04-23
70,K0BZV,2001-04-24
71,AG2A,2001-04-24
72,PA0WCH,2001-04-24
73,G4TGK,2001-04-24
74,PY5XT,2001-04-25
75,K8HF,2001-04-27
76,KG6AZV,2001-04-27
77,NY2U,2001-04-27
78,OE1WEU,2001-05-08
79,K2LAM,2001-05-08
80,K2IBH,2001-05-08
81,K2JF,2001-05-08
82,HA5BSW,2001-05-08
83,TA7I,2001-05-08
84,KQ6JQ,2001-05-09
85,KA3GMP,2001-05-11
86,KS2O,2001-05-18
87,TA9J,2001-05-23
88,KB1DZZ,2001-05-23
89,DL2ARJ,2001-05-23
90,W4TMM,2001-05-30
91,K6DF,2001-05-30
92,N3UYI,2001-06-02
93,N3RZU,2001-06-07
94,KR2V,2001-06-07
95,NA6G,2001-06-07
96,SV9COD,2001-06-07
97,W7BWI,2001-06-07
98,K0CIE,2001-06-07
99,WA4KY,2001-06-07
100,W0SDG,2001-06-07
101,G7OED,2001-06-07
102,N3JWJ,2001-06-07
103,KM5FT,2001-06-09
104,KG9NI,2001-06-11
105,DL2NOH,2001-06-11
106,K7ZYV,2001-06-11
107,KB3SM,2001-06-14
108,N9BUB,2001-06-15
109,ZL3JT,2001-06-15
110,WA4MIT,2001-06-19
111,MM0CBL,2001-06-19
112,W8NUE,2001-06-22
113,KF2VX,2001-06-30
114,AG7LB,2001-06-30
115,TA2EY,2001-06-30
116,HA1ZH,2001-06-30
117,K4MG,2001-07-18
118,LA6YJA,2001-07-18
119,GM0KWW,2001-07-18
120,TA4KG,2001-07-18
121,KB3EBG,2001-07-30
122,SV1FKK,2001-07-30
123,WB5SYT,2001-07-30
124,KF3AA,2001-07-30
125,DA1TJO,2001-07-30
126,K5TLG,2001-08-04
127,HA7VA,2001-08-16
128,KH6G,2001-08-16
129,N3ETV,2001-08-16
130,DK3FCP,2001-08-16
131,9A6T,2001-08-20
132,NJ6VT,2001-08-26
133,ZL2AH,2001-08-31
134,WB5TX,2001-09-10
135,JH5OXF,2001-09-10
136,HP1EFR,2001-09-10
137,KC9CR,2001-09-10
138,W7PSK,2001-09-10
139,G4UCJ,2001-09-10
140,ZD8JA,2001-09-10
141,YO2RR,2001-09-25
142,K4PVA,2001-10-02
143,WB5NHL,2001-10-02
144,N7KMV,2001-10-19
145,K1XS,2001-10-19
146,TA7KB,2001-10-19
147,OK1VSL,2001-10-19
148,K3NJ,2001-10-19
149,N0BHC,2001-10-19
150,K4FBP,2001-10-23
151,KE4BCN,2001-10-23
152,N0OKS,2001-10-23
153,AK6DV,2001-10-23
154,WB3AVD,2001-10-30
155,SV1XV,2001-11-08
156,W7QQ,2001-11-09
157,OM3CRG,2001-11-20
158,KF4FHS,2001-12-02
159,DL1BSC,2001-12-10
160,OK2SWD,2001-12-11
161,KH6DRT,2001-12-11
162,K5CFW,2001-12-11
163,K1VDH,2002-01-01
164,K0SU,2002-01-01
165,W1XQ,2002-01-03
166,K4DS,2002-01-05
167,WW0F,2002-01-08
168,OK2FB,2002-01-10
169,OK2MF,2002-01-10
170,KO6SY,2002-01-16
171,KK7UQ,2002-01-16
172,WB8NUT,2002-01-16
173,S50DX,2002-01-16
174,OK2PSG,2002-01-21
175,VE3KI,2002-01-21
176,KG8JF,2002-01-21
177,AC4M,2002-01-21
178,N4ZUM,2002-01-21
179,WX7P,2002-01-22
180,W0RAA,2002-01-22
181,N2HTT,2002-01-24
182,K3DCS,2002-01-24
183,KF4YIO,2002-01-25
184,K6OWL,2002-01-27
185,OK2BMS,2002-01-28
186,KB7JMW,2002-01-28
187,W5KEC,2002-01-31
188,NN6DG,2002-01-31
189,N3MK,2002-02-01
190,K9TG,2002-02-02
191,VE4XA,2002-02-11
192,N4CAP,2002-02-20
193,PA5BM,2002-02-23
194,N5MH,2002-02-24
195,OM5NL,2002-02-26
196,KA0JDT,2002-03-01
197,OK2SPD,2002-03-12
198,OK1IVU,2002-03-12
199,K3MZV,2002-03-12
200,OM3AA,2002-03-17
201,TA2IM,2002-03-17
202,WI3Q,2002-03-18
203,OK1AD,2002-03-20
204,N7XB,2002-03-22
205,OK2BF,2002-04-01
206,PY2MJ,2002-04-01
207,YO8CYN,2002-04-01
208,HS0ZBS,2002-04-03
209,JA9LX,2002-04-20
210,W4NBO,2002-04-20
211,OM0GT,2002-04-20
212,OK1AZK,2002-04-20
213,K3NAW,2002-04-23
214,SP6RGC,2002-05-14
215,W4KRN,2002-05-24
216,N4LI,2002-06-01
217,K8IXL,2002-06-01
218,VE9DX,2002-06-01
219,HP1AC,2002-07-03
220,HP1BSL,2002-07-03
221,K3VOA,2002-07-03
222,JA9MAT,2002-07-03
223,KB3FN,2002-07-03
224,OK5RED,2002-07-03
225,OM9ALZ,2002-07-03
226,N3EF,2002-07-10
227,WB4RQD,2002-07-17
228,W7LD,2002-07-17
229,W8VOM,2002-07-24
230,OK1CYC,2002-08-12
231,OK1AUP,2002-08-12
232,G6OKU,2002-08-13
233,HP8AJT,2002-08-14
234,KI4MI,2002-08-15
235,HP1DCP,2002-08-15
236,HP1CPE,2002-08-15
237,KD7KLA,2002-09-03
238,HP1CDZ,2002-09-11
239,PA3BAY,2002-09-25
240,JF2IGP,2002-09-30
241,WB2YAF,2002-10-01
242,K4EAK,2002-10-10
243,K4TFT,2002-10-23
244,W5VFO,2002-10-23
245,CE2WUI,2002-11-04
246,AC7ZA,2002-11-04
247,W1LXE,2002-11-04
248,KB8VIP,2002-11-07
249,EA3FAJ,2002-11-15
250,G7TMU,2002-11-17
251,W2LTB,2002-11-17
252,KJ7NO,2002-11-28
253,AB0SR,2002-11-28
254,DL0FRT,2002-11-28
255,N1VP,2002-12-06
256,K5ZRK,2002-12-06
257,HP1KZ,2002-12-06
258,AD5EN,2002-12-06
259,4Z4DX,2002-12-16
260,WA0TDQ,2002-12-17
261,AB3AI,2002-12-18
262,KI4A,2002-12-18
263,YO2LOG,2002-12-19
264,YO2LDK,2002-12-20
265,9A9L,2002-12-30
266,G4ZCS,2003-01-06
267,OK2PMG,2003-01-08
268,TA1GS,2003-01-14
269,EC1DMG,2003-01-16
270,KC3T,2003-01-16
271,N0IBT,2003-01-18
272,KR4U,2003-01-28
273,KC0HOR,2003-01-28
274,KF0OH,2003-01-28
275,GM4SNZ,2003-02-02
276,G7HJX,2003-02-06
277,OK1KT,2003-02-08
278,OK1ACF,2003-02-13
279,HP2SM,2003-03-15
280,KD7KST,2003-03-18
281,KM4YH,2003-03-18
282,KX5S,2003-03-30
283,K1HTV,2003-04-24
284,OK1AIL,2003-04-24
285,WA3KYY,2003-05-02
286,MM0DFV,2003-05-02
287,RW3AA,2003-05-17
288,NO9C,2003-06-03
289,M3EDP,2003-06-07
290,K4RKQ,2003-06-10
291,K8SAR,2003-06-13
292,M5PLY,2003-06-17
293,W5VGR,2003-06-17
294,KE8PA,2003-06-20
295,WA3WSJ,2003-07-02
296,KB8YIT,2003-07-02
297,AC4RD,2003-07-04
298,KT4NM,2003-07-08
299,WA6NUT,2003-07-12
300,G3YJQ,2003-07-16
301,WN4AMO,2003-07-16
302,WB5TOI,2003-07-18
303,M0PSK,2003-07-19
304,M1SWB,2003-07-21
305,W3GCW,2003-08-04
306,WB7DX,2003-08-04
307,KC9DEF,2003-08-05
308,N1ZW,2003-08-07
309,KB1IKD,2003-08-12
310,OH4LRP,2003-08-16
311,OH8MWD,2003-08-20
312,K9VIC,2003-08-20
313,AE7TF,2003-09-12
314,N9NDS,2003-09-14
315,KD7RX,2003-09-15
316,WV7T,2003-09-17
317,4F3FVA,2003-09-30
318,K5PAX,2003-10-29
319,N4UPX,2003-10-29
320,OZ0F,2003-10-29
321,OK2ZAW,2003-10-29
322,XQ5CL,2003-11-02
323,SV1CAX,2003-11-22
324,KA7KUZ,2003-11-22
325,KK1X,2003-11-26
326,G3URA,2003-12-05
327,KD5SGT,2003-12-06
328,N6TQS,2003-12-20
329,K8VD,2004-01-03
330,NW8G,2004-01-03
331,KJ1J,2004-01-04
332,WB0BLV,2004-01-11
333,K8QL,2004-01-11
334,WN1OTV,2004-01-14
335,N0KFC,2004-01-15
336,WB9AUJ,2004-01-16
337,K7NUU,2004-01-18
338,K6VV,2004-01-28
339,N7QU,2004-02-02
340,AC0AX,2004-02-02
341,WA3GOS,2004-02-06
342,K0UL,2004-02-07
343,N6VOA,2004-02-08
344,AA7FK,2004-02-11
345,N4GSD,2004-02-11
346,AA2C,2004-02-17
347,AA0UM,2004-02-18
348,WM4B,2004-02-21
349,W4HM,2004-02-21
350,WA5GDW,2004-02-22
351,N8TW,2004-03-01
352,W3BNY,2004-03-01
353,KF4NDH,2004-03-06
354,W7PAQ,2004-03-06
355,VE3FAL,2004-03-28
356,W9EG,2004-03-28
357,SP1DOZ,2004-03-30
358,RA9SC,2004-03-31
359,WA4EEZ,2004-04-01
360,RZ3AIR,2004-04-13
361,KI4RO,2004-04-21
362,KE9PH,2004-04-27
363,AB2LA,2004-04-27
364,WB4ZOH,2004-04-30
365,W6UHQ,2004-05-18
366,W3MZ,2004-05-22
367,WA7HYD,2004-06-07
368,WB4MNK,2004-06-07
369,W0PAS,2004-06-07
370,KR4YD,2004-06-07
371,G7IWA,2004-06-09
372,W5DP,2004-06-10
373,OM1ZL,2004-06-10
374,K1YAN,2004-06-11
375,GM0KBU,2004-06-11
376,N3VOP,2004-08-10
377,M0DMJ,2004-08-12
378,M0KIG,2004-08-16
379,OM3TBG,2004-08-23
380,DL7AG,2004-10-17
381,KB9WWM,2004-10-28
382,KC7ZFP,2004-11-01
383,HB9OAE,2004-11-02
384,KC7UWQ,2004-11-05
385,N6TAS,2004-11-08
386,G8KSH,2004-11-18
387,WY7W,2004-11-29
388,K7QXG,2004-12-05
389,W8VBV,2004-12-19
390,W5SWA,2004-12-20
391,AB2RC,2005-01-13
392,KB3BPW,2005-01-17
393,W6RK,2005-01-19
394,K0HW,2005-01-25
395,W1HCB,2005-01-25
396,W6REM,2005-01-30
397,W3BUI,2005-01-30
398,AG4QX,2005-02-08
399,UR3GM,2005-02-18
400,DL0MT,2005-02-20
401,K3MQ,2005-03-04
402,DL2CS,2005-03-28
403,N4TT,2005-04-05
404,WA7HDZ,2005-04-05
405,EA4ZB,2005-04-11
406,KG4WNA,2005-04-29
407,DF5JG,2005-05-03
408,DJ6JH,2005-05-17
409,N5CJ,2005-05-25
410,KI4BIY,2005-05-31
411,K1GMD,2005-06-06
412,K6MKF,2005-06-06
413,K5WW,2005-06-06
414,OZ2JP,2005-06-06
415,VE7HL,2005-06-06
416,WZ6P,2005-06-06
417,AI3W,2005-06-07
418,VE7AXU,2005-06-09
419,KG4FSN,2005-06-09
420,KF4WW,2005-06-10
421,W8CSN,2005-06-18
422,UT5RP,2005-06-20
423,UT5FB,2005-06-20
424,KE7CRN,2005-07-03
425,K8VTD,2005-07-05
426,N5UV,2005-07-18
427,VK3GOM,2005-07-18
428,W4KTF,2005-08-01
429,NB9Y,2005-08-08
430,EA7ESI,2005-08-09
431,K7EV,2005-09-04
432,K9ZW,2005-09-04
433,KD2NL,2005-09-10
434,WA2IAM,2005-09-28
435,KB9LNC,2005-10-03
436,W2QO,2005-10-05
437,KA9DFI,2005-10-07
438,YO6HQ,2005-10-08
439,K1DJE,2005-10-22
440,K4AAG,2005-11-02
441,KN3A,2006-01-06
442,EA4BDL,2006-01-10
443,OK1NZJ,2006-01-10
444,HB9TUO,2006-01-10
445,VE3XK,2006-01-11
446,NF7H,2006-01-11
447,N9KO,2006-01-12
448,NM7H,2006-01-12
449,KI4CBF,2006-01-12
450,F8AEJ,2006-01-14
451,W3HNL,2006-01-18
452,DG2RSF,2006-01-20
453,I7PXV,2006-01-20
454,N9AVY,2006-01-21
455,AI4KN,2006-01-21
456,HP1ALX,2006-02-04
457,NN1J,2006-02-04
458,K7RE,2006-02-04
459,KE5AQD,2006-02-04
460,W8HL,2006-02-04
461,W6KY,2006-02-08
462,ZL3KR,2006-02-08
463,N7GVV,2006-02-13
464,KC9FOA,2006-02-22
465,G6HXL,2006-03-13
466,IZ3EOU,2006-03-19
467,OK2PCQ,2006-03-19
468,HA7PO,2006-03-21
469,VE7JRX,2006-03-27
470,M5AAV,2006-04-03
471,LW2EIY,2006-04-25
472,EA5XC,2006-05-24
473,IW7EHC,2006-05-24
474,W7HO,2006-05-25
475,KD5DE,2006-05-29
476,AD4RX,2006-06-05
477,NY4FL,2006-06-05
478,KC3TK,2006-06-05
479,N7YG,2006-06-05
480,K4QHH,2006-06-05
481,K4ORY,2006-06-05
482,W3SW,2006-06-14
483,K5SP,2006-06-14
484,AE2AA,2006-06-14
485,G1DJA,2006-06-15
486,AG5P,2006-06-15
487,AJ5S,2006-06-27
488,N9ANA,2006-07-04
489,LU7EH,2006-07-04
490,W4IEI,2006-07-17
491,WG5T,2006-07-27
492,AG3BI,2006-07-27
493,G4DZE,2006-08-06
494,WB8MKH,2006-08-06
495,W4SCO,2006-08-11
496,G7USC,2006-08-14
497,HI8LAM,2006-09-12
498,W2BOC,2006-09-25
499,K5FBS,2006-09-27
500,KE0N,2006-10-02
501,M0OKT,2006-10-07
502,M5AEX,2006-10-08
503,N5PU,2006-11-28
504,W8WKE,2006-11-29
505,NJ2DX,2006-11-29
506,WK8L,2006-11-29
507,K4CMC,2006-11-29
508,NZ9I,2006-11-30
509,W4ATK,2006-11-30
510,KC0OFK,2006-12-07
511,KD5HIP,2006-12-07
512,ZL3RG,2006-12-07
513,AI4QB,2006-12-08
514,K4OP,2006-12-08
515,W1HKJ,2006-12-08
516,VK3AMA,2006-12-08
517,K1PGV,2006-12-08
518,N9JGZ,2006-12-08
519,WQ9Z,2006-12-08
520,K4JYB,2006-12-08
521,UR7FM,2006-12-09
522,EA3FHP,2006-12-17
523,AD1Y,2006-12-18
524,K6NLX,2006-12-31
525,N8MNI,2007-01-01
526,VA3TPS,2007-01-01
527,KJ6QB,2007-01-05
528,KC5E,2007-01-09
529,YU1RP,2007-01-09
530,OK1ZHV,2007-01-10
531,CU2JT,2007-01-10
532,N3TXH,2007-01-12
533,F6FJE,2007-01-12
534,PA3FYG,2007-01-12
535,NX7F,2007-01-14
536,VE3OIJ,2007-01-14
537,KC2QII,2007-01-14
538,W5RST,2007-01-18
539,WG7H,2007-01-20
540,WA6L,2007-02-07
541,N4CI,2007-02-08
542,AD6ZH,2007-02-21
543,OK1DOZ,2007-02-22
544,OK1SRD,2007-02-23
545,SV2HRS,2007-03-03
546,KF6NNM,2007-03-08
547,CT1BWU,2007-03-09
548,W4FRA,2007-03-18
549,CT1HAR,2007-03-18
550,AB3S,2007-03-24
551,SV2HRV,2007-03-26
552,SV2CWV,2007-03-27
553,N0RQ,2007-04-12
554,KB5HPL,2007-04-12
555,M1FJG,2007-04-13
556,OK1WCF,2007-04-13
557,N3ATS,2007-04-13
558,N6ERD,2007-04-13
559,K4JHK,2007-04-14
560,W7GSV,2007-04-20
561,KC5YPU,2007-04-22
562,VA7PX,2007-04-22
563,N2EOC,2007-04-28
564,EA1IDG,2007-05-01
565,KB2VMG,2007-05-02
566,WX6Y,2007-05-12
567,AC5ZS,2007-05-17
568,UT4UQ,2007-05-17
569,K1PSK,2007-05-21
570,ON7MV,2007-05-23
571,EA1CUI,2007-06-17
572,DO9FB,2007-06-17
573,AB5TQ,2007-06-17
574,AE5MM,2007-06-17
575,G0LWG,2007-06-17
576,IZ5HNI,2007-06-17
577,K6WRJ,2007-06-17
578,KA3L,2007-06-17
579,KC4TVZ,2007-06-17
580,KD4BVG,2007-06-17
581,KK3Q,2007-06-17
582,K4LRP,2007-06-17
583,KV9R,2007-06-17
584,LU6DLL,2007-06-17
585,W0HT,2007-06-17
586,N2MH,2007-06-17
587,NE5RD,2007-06-17
588,W0KIT,2007-06-17
589,N0VPL,2007-06-17
590,W4ZYD,2007-06-17
591,W5CDR,2007-06-17
592,WX5NCO,2007-06-17
593,NJ4F,2007-06-17
594,KC8U,2007-06-18
595,K7CWQ,2007-06-22
596,W4LSC,2007-06-22
597,KB1AF,2007-06-24
598,KL7JGN,2007-06-24
599,N5DAS,2007-07-02
600,WD6CWE,2007-07-05
601,WI3L,2007-07-07
602,G0RSQ,2007-07-08
603,KD1UA,2007-07-17
604,KN4SA,2007-07-17
605,KF4GRA,2007-07-21
606,KA9BHD,2007-07-21
607,AA7CP,2007-07-21
608,DK4WO,2007-07-21
609,N0OB,2007-07-21
610,N4SCF,2007-07-21
611,KA5EYH,2007-07-23
612,AA5VU,2007-07-24
613,N0LTM,2007-07-28
614,WT6X,2007-07-29
615,DL5IB,2007-08-02
616,KB3JJV,2007-08-04
617,K4EXT,2007-08-07
618,N4LCC,2007-08-07
619,N2GWK,2007-08-12
620,KB5UNX,2007-08-13
621,DK2AJ,2007-08-13
622,DK9KF,2007-08-15
623,AD7KU,2007-08-23
624,KG4VBK,2007-08-25
625,W7TOD,2007-09-01
626,WB1W,2007-09-01
627,JF2SKV,2007-09-13
628,KE7XU,2007-09-14
629,VE3XAT,2007-09-14
630,KI4SMP,2007-09-17
631,DD7DX,2007-09-20
632,K7STH,2007-09-22
633,AD5ZA,2007-10-01
634,CT1BYK,2007-10-01
635,HP1AVS,2007-10-03
636,KX8C,2007-10-04
637,SM0KCR,2007-10-04
638,N1ESE,2007-10-07
639,KC8UR,2007-10-07
640,DC3CD,2007-10-14
641,VA3HJ,2007-10-14
642,AD6ZJ,2007-10-16
643,WU8Y,2007-10-29
644,N5FPW,2007-10-29
645,N8WP,2007-11-02
646,W1IPS,2007-11-04
647,AG0A,2007-11-17
648,K7KTP,2007-11-18
649,DH5WB,2007-11-29
650,N6MG,2007-12-03
651,WP3UX,2007-12-18
652,YO6AJI,2007-12-22
653,KI4ZCB,2007-12-22
654,SP4CJA,2007-12-22
655,AI6O,2007-12-22
656,KB6OJE,2008-01-01
657,YO6EX,2008-01-05
658,W7WIA,2008-01-07
659,N1SPX,2008-01-10
660,KC2QXE,2008-01-10
661,N4YZ,2008-01-13
662,KR7RK,2008-01-13
663,HA3DMF,2008-01-15
664,WA0CKO,2008-01-15
665,AE4TX,2008-01-18
666,N4CR,2008-01-19
667,G0BYH,2008-01-21
668,OL5DIG,2011-10-31
669,K6ASK,2008-01-21
670,DK9MS,2008-01-23
671,K6SID,2008-01-24
672,KO4PU,2008-01-25
673,IZ5MJQ,2008-02-03
674,N0KMA,2008-02-08
675,W4MAA,2008-02-09
676,NM6K,2008-02-11
677,K3PRN,2008-02-19
678,DK3HJ,2008-02-20
679,VE1CDD,2008-02-27
680,N9AAA,2008-03-04
681,KN4DS,2008-03-05
682,EA4AFA,2008-03-05
683,N4ZQ,2008-03-08
684,LZ1SJ,2008-03-09
685,N9JLY,2008-03-13
686,K3CXB,2008-03-17
687,VE3JW,2008-03-19
688,WB2HTO,2008-03-19
689,AB8VX,2008-03-24
690,SQ2BXI,2008-03-29
691,N5RJS,2008-03-30
692,KG4LUN,2008-04-02
693,KP4ED,2008-04-16
694,G8HWI,2008-04-16
695,KB9BVN,2008-04-16
696,KU4JZ,2008-04-22
697,AL7GA,2008-04-22
698,N7CQU,2008-04-24
699,EI9HQ,2008-04-24
700,W5KAM,2008-05-01
701,KR7U,2008-05-05
702,KF4IMF,2008-05-06
703,ON2AD,2008-05-08
704,AE5PW,2008-05-09
705,K8OUX,2008-05-20
706,W3MEL,2008-05-20
707,AE1P,2008-05-20
708,W0RTV,2008-05-20
709,AD7OY,2008-05-20
710,KF2GQ,2008-05-23
711,K7PWL,2008-05-24
712,N7ELF,2008-05-24
713,K0NO,2008-06-02
714,KM5EH,2008-06-02
715,W5GVP,2008-06-02
716,AI4ZL,2008-06-02
717,PA3HIZ,2008-06-04
718,N2MLP,2008-06-04
719,W4CMM,2008-06-04
720,IW4EJK,2008-06-04
721,W1CDX,2008-06-04
722,KB3LIX,2008-06-04
723,KD5HOP,2008-06-04
724,KC6SOC,2008-06-04
725,K2JNC,2008-06-05
726,WB0PTO,2008-06-05
727,K4JTN,2008-06-05
728,KB3NPH,2008-06-05
729,AA0K,2008-06-05
730,N3CHX,2008-06-05
731,W7IXZ,2008-06-08
732,KA1KE,2008-06-08
733,KI4ITV,2008-06-08
734,SV9AHZ,2008-06-08
735,KD7JC,2008-06-08
736,M1EBU,2008-06-09
737,N9KOW,2008-06-09
738,N2LD,2008-06-10
739,NE5DL,2008-06-10
740,W7GMC,2008-06-11
741,N3DCJ,2008-06-11
742,KI5IK,2008-06-16
743,N8VFJ,2008-06-16
744,VE3YXO,2008-06-17
745,N3VMC,2008-06-17
746,W6OLA,2008-06-18
747,KC3EF,2008-06-21
748,WD8KRV,2008-06-21
749,W5MSV,2008-06-21
750,N5KMZ,2008-06-23
751,KC2GIK,2008-06-24
752,N3KTA,2008-06-25
753,K7EIQ,2008-06-26
754,SV7CUD,2008-06-26
755,PA4JB,2008-06-29
756,KC4RHW,2008-07-07
757,SM6UCK,2008-07-07
758,KC4ART,2008-07-08
759,KC7KZ,2008-07-12
760,W4SCI,2008-07-13
761,N5JBD,2008-07-17
762,W8OSP,2008-07-24
763,KH6F,2008-07-29
764,W6PK,2008-07-29
765,WY2E,2008-08-05
766,WB4PPW,2008-08-07
767,NS2M,2008-08-07
768,ON5LG,2008-08-08
769,KU1T,2008-08-09
770,N7IXI,2008-08-24
771,N9VEL,2008-08-28
772,N2WCY,2008-08-28
773,KD7I,2008-08-29
774,EA8ALP,2008-08-30
775,WS0Z,2008-08-30
776,K3JT,2008-09-08
777,NO8R,2008-09-08
778,KI4HPX,2008-09-08
779,UN7DA,2008-09-29
780,WA3YFQ,2008-09-29
781,KD4SM,2008-10-19
782,N4FN,2008-10-19
783,W3ADC,2008-10-24
784,WA0SKN,2008-10-24
785,YO6CFB,2008-10-24
786,W4JAG,2008-10-30
787,DL4HTK,2008-11-01
788,PY6WJ,2008-11-01
789,SM6H,2008-11-01
790,N6TE,2008-11-09
791,W9DUD,2008-11-09
792,VA3SQ,2008-11-10
793,KD0R,2008-11-10
794,W9MNC,2008-11-14
795,KA9CCH,2008-11-23
796,N2AE,2008-11-23
797,N9JCA,2008-11-24
798,AB0JM,2008-11-26
799,N0TUN,2008-11-28
800,N6PZ,2008-12-02
801,N6PCD,2008-12-02
802,AK4BG,2008-12-06
803,AD2AM,2008-12-08
804,KS0USA,2008-12-08
805,VE2GHI,2008-12-09
806,KD8BIN,2008-12-09
807,K3UJ,2008-12-09
808,N8XLS,2008-12-10
809,NG7Z,2008-12-10
810,K0FBV,2008-12-11
811,WB4FSD,2008-12-11
812,KA1JF,2008-12-15
813,KD4VLF,2008-12-15
814,KG6MZS,2008-12-17
815,K8TOM,2008-12-20
816,KC9IRQ,2008-12-22
817,KD4SVN,2008-12-26
818,CT4KG,2008-12-27
819,KC9TS,2008-12-27
820,K9OSC,2008-12-29
821,KE4WLE,2008-12-29
822,WK9X,2008-12-31
823,W4ATX,2009-01-01
824,NU4C,2009-01-03
825,N2QQF,2009-01-03
826,RK3DSW,2009-01-03
827,G7OGX,2009-01-04
828,YV5IAL,2009-01-05
829,HS0ZHG,2009-01-05
830,YO6DBL,2009-01-06
831,WA0KAQ,2009-01-06
832,VE4VID,2009-01-06
833,NI1L,2009-01-07
834,N0NM,2009-01-07
835,EA5GVZ,2009-01-07
836,EA5FL,2009-01-07
837,W3TNU,2009-01-07
838,KX8K,2009-01-11
839,N1MGO,2009-01-11
840,2W0WDS,2009-01-11
841,AA1ME,2009-01-12
842,AB3GY,2009-01-12
843,G3ZOH,2009-01-12
844,W1BAN,2009-01-12
845,AA9UF,2009-01-12
846,KF4AAF,2009-01-13
847,KI4PZH,2009-01-13
848,YO9BPX,2009-01-19
849,KI3N,2009-01-21
850,KV9L,2009-01-25
851,KD0BIK,2009-01-25
852,N6HI,2009-01-27
853,N3PPH,2009-01-31
854,WD9FTZ,2009-01-31
855,K7BLS,2009-02-02
856,W4DOW,2009-02-03
857,KF7MKR,2009-02-07
858,NT2B,2009-02-09
859,EA7AHA,2009-02-09
860,K8SM,2009-02-12
861,KA2HHB,2009-02-12
862,G6XOU,2009-02-12
863,M3ZKT,2009-02-15
864,WD5GNR,2009-02-15
865,AJ4JD,2009-02-17
866,AJ4IJ,2009-02-17
867,KC0VGC,2009-02-17
868,K6UMO,2009-02-18
869,N7WET,2009-02-23
870,KJ4FYX,2009-02-28
871,K4RRF,2009-02-28
872,WA7ETE,2009-03-03
873,K2ATX,2009-03-03
874,M0JRA,2009-03-03
875,WA3WZR,2009-03-08
876,OE3SGU,2009-03-08
877,K2EN,2009-03-13
878,YL2CA,2009-03-23
879,AA1VS,2009-03-23
880,SV2FLQ,2009-03-23
881,IW2MYH,2009-03-24
882,W1EMM,2009-03-24
883,EA1YN,2009-03-24
884,WA2VQV,2009-03-25
885,EA5DM,2009-03-25
886,EB5DZC,2009-03-25
887,W5UHQ,2009-03-27
888,WC7X,2009-03-28
889,AK8CW,2009-03-30
890,N0CSW,2009-03-30
891,N8NVL,2009-03-31
892,K5JVC,2009-04-02
893,CT1DZE,2009-04-03
894,AA1IK,2009-04-03
895,LA2VRA,2009-04-04
896,NO5X,2009-04-06
897,K0ABC,2009-04-06
898,K4EOD,2009-04-06
899,VE3MCF,2009-04-08
900,W5NYC,2009-04-09
901,N8RQ,2009-04-11
902,KE7HWM,2009-04-12
903,W0BST,2009-04-12
904,K2CWM,2009-04-12
905,VE7XLF,2009-04-12
906,VE7HBS,2009-04-12
907,W4DDR,2009-04-12
908,K3USC,2009-04-13
909,W0GLB,2009-04-14
910,KU0X,2009-04-16
911,YO3DLK,2009-04-16
912,W8WFD,2009-04-18
913,W5EPC,2009-04-18
914,SP5XSL,2009-04-24
915,YV5MM,2009-04-24
916,WD4LYV,2009-04-24
917,KE4EX,2009-04-29
918,WB6NKJ,2009-04-30
919,KC4TIE,2009-05-05
920,F4BYF,2009-05-12
921,AB0DI,2009-05-20
922,AE5KD,2009-05-22
923,PA3GWH,2009-06-01
924,F8BON,2009-06-01
925,KC9JUY,2009-06-01
926,K4UOL,2009-06-01
927,WD0DXD,2009-06-01
928,N9SB,2009-06-01
929,KF4BI,2009-06-02
930,K9PLX,2009-06-02
931,AE5HO,2009-06-02
932,VA3RNJ,2009-06-02
933,K4ESB,2009-06-02
934,KF9KV,2009-06-02
935,NW7US,2009-06-02
936,K9XL,2009-06-03
937,KC9GGV,2009-06-03
938,AB2YS,2009-06-03
939,HA8TI,2009-06-03
940,W1NRB,2009-06-03
941,UA6JD,2009-06-03
942,KE7WVV,2009-06-03
943,KE5PRL,2009-06-03
944,KA9CLP,2009-06-04
945,W1NDY,2009-06-04
946,W1TG,2009-06-04
947,UA3TN,2009-06-04
948,K3XLT,2009-06-04
949,F2LZ,2009-06-05
950,RN3DFN,2009-06-05
951,PB7Z,2009-06-05
952,AK4DW,2009-06-05
953,PU5AAD,2009-06-05
954,DF9DD,2009-06-08
955,N6DLC,2009-06-08
956,K8MCN,2009-06-08
957,WF7T,2009-06-08
958,K1NNJ,2009-06-08
959,K4SBZ,2009-06-12
960,W8POF,2009-06-12
961,K4YCF,2009-06-15
962,G8LRS,2009-06-21
963,NK2X,2009-06-22
964,KE5ZZN,2009-06-25
965,OM7OM,2009-06-25
966,YV6AO,2009-07-01
967,K9ZXO,2009-07-01
968,N4CDB,2009-07-01
969,N9AC,2009-07-03
970,K9WIS,2009-07-06
971,AI5Z,2009-07-06
972,NX8G,2009-07-06
973,K2MUN,2009-07-07
974,AP2MIZ,2009-07-12
975,W0PE,2009-07-15
976,EA4JJ,2009-07-19
977,AB8XA,2009-07-19
978,UT2EZ,2009-07-22
979,NN8M,2009-07-22
980,KI6HAX,2009-07-27
981,K4RZR,2009-07-27
982,AE5LO,2009-07-29
983,KB1LUO,2009-07-29
984,ON7DC,2009-07-29
985,WB4JJJ,2009-08-01
986,W9ATB,2009-08-05
987,KB3OSP,2009-08-07
988,EB3JT,2009-08-08
989,W0FVR,2009-08-10
990,W3OFD,2009-08-11
991,W6MDH,2009-08-11
992,WB9ONU,2009-08-11
993,K1CGI,2009-08-13
994,IZ2OAR,2009-08-13
995,W5NNH,2009-08-13
996,2E0JCA,2009-08-15
997,EA4DB,2009-08-15
998,2E0VWX,2009-08-18
999,N7NMS,2009-08-19
1000,WA2VMO,2009-08-20
1001,VE9NC,2009-08-20
1002,AI1N,2009-08-20
1003,KI4KK,2009-08-23
1004,N9WKW,2009-08-23
1005,KG3UM,2009-08-23
1006,K0PT,2009-08-23
1007,EA1GFY,2009-08-23
1008,W4JHU,2009-08-24
1009,M0RBY,2009-08-24
1010,N4MRW,2009-08-24
1011,WX9WL,2009-08-24
1012,VA2LGQ,2009-08-25
1013,KB2UUL,2009-08-25
1014,N3KCM,2009-08-26
1015,WA1MJS,2009-08-27
1016,W5JP,2009-08-30
1017,KD8GNC,2009-09-02
1018,W4ASE,2009-09-05
1019,N4FI,2009-09-08
1020,N4RP,2009-09-08
1021,SQ1EIX,2009-09-08
1022,W4WWJ,2009-09-12
1023,NC4MI,2009-09-13
1024,NF7D,2009-09-14
1025,N3GGT,2009-09-19
1026,PY2CX,2009-09-19
1027,KE5LLM,2009-09-23
1028,K7TRK,2009-09-30
1029,W1DFG,2009-10-03
1030,AK4NC,2009-10-03
1031,K2MJ,2009-10-06
1032,PA7RA,2009-10-06
1033,N7FFL,2009-10-11
1034,K3MWR,2009-10-13
1035,TA3BQ,2009-10-13
1036,CO8CML,2009-10-17
1037,NI4NN,2009-10-18
1038,YO8RZE,2009-10-24
1039,W8BS,2009-10-28
1040,KC9DOA,2009-10-31
1041,N2ZA,2009-11-02
1042,KC5GB,2009-11-04
1043,KD0FYF,2009-11-06
1044,KB1NAL,2009-11-06
1045,EI3GRB,2009-11-12
1046,W9NKV,2009-11-12
1047,M6MAL,2009-11-12
1048,K6JEB,2009-11-18
1049,ND2K,2009-11-19
1050,KJ1I,2009-11-19
1051,W5DPR,2009-11-22
1052,AB8CC,2009-11-25
1053,VA3MJR,2009-11-25
1054,LU2VC,2009-11-25
1055,YO5BBO,2009-11-29
1056,KD2NL,2009-12-05
1057,PB7XYL,2009-12-06
1058,VE7BSM,2009-12-06
1059,N7LYR,2009-12-07
1060,W4MPS,2009-12-12
1061,IZ8PPJ,2009-12-13
1062,IK8YFU,2009-12-13
1063,K2AFY,2009-12-13
1064,YV4FUE,2009-12-15
1065,KZ3T,2009-12-15
1066,KE7SEI,2009-12-15
1067,N8MOX,2009-12-16
1068,VA2SG,2009-12-16
1069,N3TL,2009-12-20
1070,KI3F,2009-12-20
1071,W2TT,2009-12-22
1072,IZ2OBS,2009-12-22
1073,N9WVM,2009-12-23
1074,EA7HHV,2009-12-30
1075,CX8ABF,2009-12-30
1076,W1MSN,2009-12-30
1077,KC2BPP,2009-12-30
1078,K1BAA,2010-01-08
1079,KC9JBU,2010-01-08
1080,EA3AT,2010-01-10
1081,KE5PYF,2010-01-10
1082,YO5PIP,2010-01-10
1083,AG3L,2010-01-10
1084,YB4IR,2010-01-10
1085,K3WOW,2010-01-10
1086,IN3NJB,2010-01-10
1087,S56EPX,2010-01-10
1088,KC9JSE,2010-01-11
1089,LY3BY,2010-01-11
1090,VE2HAR,2010-01-11
1091,WT0DX,2010-01-11
1092,K3DCW,2010-01-12
1093,N0EOP,2010-01-18
1094,CE1VCZ,2010-01-18
1095,K4MSC,2010-01-19
1096,RA9OO,2010-01-19
1097,VA3JFF,2010-01-20
1098,N7MQ,2010-01-22
1099,AF6SA,2010-01-22
1100,KB2PSP,2010-01-24
1101,W2HEN,2010-01-26
1102,YO4AAC,2010-01-30
1103,KE6WGG,2010-01-30
1104,K4NKY,2010-01-30
1105,CX5UR,2010-02-03
1106,AG4GM,2010-02-03
1107,KC8KCU,2010-02-06
1108,K1ESM,2010-02-06
1109,WA0YEI,2010-02-07
1110,ON6DP,2010-02-11
1111,AC7QO,2010-02-12
1112,KD7UFF,2010-02-14
1113,K2TY,2010-02-18
1114,SV4FFL,2010-02-19
1115,WA1IOG,2010-02-21
1116,KI4EIZ,2010-02-24
1117,ON6NA,2010-02-26
1118,AB8XG,2010-02-26
1119,WD0AJG,2010-03-02
1120,YB8EXL,2010-03-02
1121,HI8CJG,2010-03-02
1122,PU4ISA,2010-03-08
1123,KG4TTQ,2010-03-08
1124,KE6MGW,2010-03-09
1125,KY6M,2010-03-09
1126,K8GCU,2010-03-09
1127,OK1UUS,2010-03-17
1128,W1ORS,2010-03-18
1129,LU6DEZ,2010-03-19
1130,PS7YL,2010-03-20
1131,PS7DX,2010-03-20
1132,K8PEZ,2010-03-20
1133,N2JNZ,2010-03-20
1134,AL7CR,2010-03-25
1135,PU5ATX,2010-03-25
1136,AA0CW,2010-03-27
1137,WN3M,2010-03-30
1138,UA0IT,2010-03-30
1139,KW7E,2010-04-01
1140,K0ACP,2010-04-02
1141,HI5MLE,2010-04-02
1142,WR4PS,2010-04-03
1143,K7VIC,2010-04-03
1144,KA6HXI,2010-04-04
1145,W5MIC,2010-04-05
1146,ND3N,2010-04-08
1147,M0ZWW,2010-04-10
1148,N8NOE,2010-04-10
1149,WC5MC,2010-04-10
1150,K3AXR,2010-04-13
1151,N2SLB,2010-04-13
1152,KJ7HQ,2010-04-13
1153,AC0VI,2010-04-14
1154,VK8AS,2010-04-14
1155,SA7ARD,2010-04-20
1156,PY2JZ,2010-04-25
1157,IZ8EWD,2010-04-28
1158,N7IYT,2010-05-01
1159,G4GQL,2010-05-05
1160,WA9BB,2010-05-07
1161,W3SFG,2010-05-07
1162,HA2BM,2010-05-08
1163,K5ATN,2010-05-10
1164,IK1AMC,2010-05-10
1165,VA7HZ,2010-05-10
1166,N8DZR,2010-05-11
1167,KK7BV,2010-05-14
1168,K5CC,2010-05-14
1169,N7UVH,2010-05-18
1170,YU5GPS,2010-05-20
1171,K3ACT,2010-06-01
1172,K6GHD,2010-06-01
1173,KC7VLO,2010-06-01
1174,K5JWM,2010-06-01
1175,KS3K,2010-06-01
1176,K7OO,2010-06-01
1177,N9JAM,2010-06-01
1178,LZ1OI,2010-06-01
1179,DK5LP,2010-06-01
1180,W5JLF,2010-06-01
1181,N4NQ,2010-06-01
1182,N9BBE,2010-06-01
1183,N4YHC,2010-06-01
1184,W4PHS,2010-06-04
1185,W4RIG,2010-06-04
1186,K2GLW,2010-06-06
1187,W3SE,2010-06-08
1188,ZL3TE,2010-06-08
1189,DB4BJ,2010-06-12
1190,AJ4TZ,2010-06-13
1191,N7RI,2010-06-14
1192,N6OPR,2010-06-15
1193,KC5GRE,2010-06-18
1194,AC2BK,2010-06-21
1195,N9NTC,2010-06-21
1196,N4ST,2010-06-22
1197,SP1KAA,2010-06-25
1198,KM5FF,2010-06-29
1199,OK1AW,2010-06-29
1200,SM7HZK,2010-06-29
1201,K4RAY,2010-06-30
1202,AE7AB,2010-07-03
1203,VE3NQK,2010-07-03
1204,N6CVA,2010-07-03
1205,W9ANT,2010-07-09
1206,KC0SKW,2010-07-09
1207,W6OI,2010-07-10
1208,W4IWH,2010-07-13
1209,KD5BYB,2010-07-17
1210,N5WD,2010-07-17
1211,G3PGA,2010-07-22
1212,HC6EP,2010-07-23
1213,LU7DSY,2010-07-26
1214,KQ0I,2010-07-26
1215,KI4ECX,2010-07-30
1216,W9AWF,2010-07-30
1217,W5FER,2010-08-02
1218,KC2WUF,2010-08-06
1219,K2DER,2010-08-09
1220,K9KEN,2010-08-10
1221,W7CAR,2010-08-13
1222,AC0QG,2010-08-18
1223,N8PIB,2010-09-10
1224,SP6EIY,2010-08-19
1225,W9WY,2010-08-20
1226,W0WFX,2010-08-20
1227,KB9UMT,2010-08-23
1228,W5HOY,2010-08-23
1229,KB1TSU,2010-08-23
1230,R3HH,2010-08-24
1231,K8WAW,2010-08-24
1232,KA2OMQ,2010-08-25
1233,K7BAW,2010-08-28
1234,K8SI,2010-08-29
1235,N4AED,2010-09-02
1236,SQ9S,2010-09-04
1237,YO3GD,2010-09-06
1238,K4GS,2010-09-07
1239,W1SS,2010-09-08
1240,W1MSG,2010-09-10
1241,IZ0EGY,2010-09-10
1242,AC8IZ,2010-09-11
1243,N6HE,2010-09-11
1244,KJ8O,2010-09-13
1245,KE7NTF,2010-09-15
1246,K3BMK,2010-09-20
1247,VK4LDX,2010-09-21
1248,KE5GAE,2010-09-24
1249,W0MRZ,2010-09-24
1250,EA2NR,2010-09-29
1251,RZ9UCZ,2010-10-01
1252,KB7SAT,2010-10-05
1253,IK4IDF,2010-10-06
1254,IZ1RFL,2010-10-09
1255,AE0XI,2010-10-11
1256,KD7ZLF,2010-10-11
1257,W8RCW,2010-10-12
1258,YO4FKO,2010-10-15
1259,KD8GHS,2010-10-15
1260,ON7BL,2010-10-21
1261,M6TZY,2010-10-21
1262,VE3QRA,2010-10-21
1263,SV9FBK,2010-10-26
1264,KC5ZFZ,2010-10-27
1265,KC0PTO,2010-10-27
1266,S56IPS,2010-11-06
1267,KG4KGL,2010-11-09
1268,KF7MAX,2010-11-17
1269,K0PU,2010-11-17
1270,W2GPK,2010-11-17
1271,YB8EL,2010-11-18
1272,W2HIY,2010-11-19
1273,KC2RXS,2010-11-19
1274,OH7HPM,2010-11-21
1275,KB8AQK,2010-11-21
1276,K7MD,2010-11-21
1277,K9OHI,2010-11-22
1278,AB8O,2010-11-22
1279,W2ACY,2010-11-22
1280,KE7YFP,2010-11-22
1281,K6IRF,2010-11-22
1282,AI4SV,2010-11-23
1283,W1SSF,2010-11-25
1284,VE1YY,2010-11-29
1285,N3YEA,2010-11-29
1286,K5HM,2010-11-29
1287,K5ECX,2010-12-01
1288,OK2HB,2010-12-02
1289,WI5D,2010-12-07
1290,HI8S,2010-12-11
1291,EA6SK,2010-12-14
1292,N9IN,2010-12-17
1293,NZ4DX,2010-12-21
1294,KC9LIF,2010-12-23
1295,KA9NFE,2010-12-26
1296,N7DQ,2010-12-26
1297,IW0GVG,2010-12-26
1298,UA3YAA,2010-12-27
1299,VE2ESU,2010-12-28
1300,WB7RXY,2010-12-31
1301,KC2TYZ,2011-01-03
1302,N2SI,2011-01-03
1303,W4RDD,2011-01-05
1304,SP9DTE,2011-01-05
1305,K5EVR,2011-01-05
1306,SQ7EQB,2011-01-06
1307,ZL3GA,2011-01-09
1308,YO4CVV,2011-01-09
1309,WA0HPN,2011-01-09
1310,KM7N,2011-01-10
1311,F6CBA,2011-01-10
1312,LU4ECN,2011-01-10
1313,W8LIG,2011-01-10
1314,SP9BGS,2011-01-10
1315,N8DAD,2011-01-10
1316,KF5FCV,2011-01-10
1317,YV9OHG,2011-01-10
1318,WX2U,2011-01-10
1319,N2CG,2011-01-11
1320,KD8JSP,2011-01-11
1321,N3ES,2011-01-11
1322,KC8Q,2011-01-11
1323,NT5Q,2011-01-11
1324,GM6HGF,2011-01-11
1325,W3OLH,2011-01-12
1326,G0ANS,2011-01-17
1327,VE3EBN,2011-01-19
1328,J37LR,2011-01-20
1329,W8KQ,2011-01-22
1330,W9JMJ,2011-01-23
1331,AI7KD,2011-01-24
1332,KI6SAI,2011-01-24
1333,KB9HGI,2011-01-25
1334,EA4FLM,2011-01-26
1335,W8IJ,2011-01-30
1336,EA4EQ,2011-01-31
1337,N3AAZ,2011-02-03
1338,K5AHL,2011-02-04
1339,SQ7PGO,2011-02-05
1340,N9FR,2011-02-07
1341,EA3ATJ,2011-02-10
1342,AC8GF,2011-02-14
1343,VE7SP,2011-02-14
1344,NA0Q,2011-02-16
1345,K2HU,2011-02-17
1346,UY3MW,2011-02-17
1347,K8GIB,2011-02-21
1348,AF6WC,2011-02-24
1349,UN6QC,2011-02-26
1350,N1KRC,2011-03-04
1351,W4GVL,2011-03-04
1352,K0JV,2011-03-04
1353,KV9E,2011-03-07
1354,RK6AX,2011-03-14
1355,VA3PC,2011-03-17
1356,K1MGH,2011-03-18
1357,XE1GK,2011-03-18
1358,K6BSO,2011-03-19
1359,WE1SH,2011-03-19
1360,N4FOB,2011-03-19
1361,AI4PD,2011-03-21
1362,KJ4FEC,2011-03-22
1363,KD4DPB,2011-03-22
1364,AG4JC,2011-04-01
1365,N9BAV,2011-04-01
1366,WD4F,2011-04-01
1367,WK5X,2011-04-05
1368,KE5TD,2011-04-06
1369,AC8IC,2011-04-07
1370,W1CAM,2011-04-08
1371,G7PUK,2011-04-10
1372,K3CWF,2011-04-10
1373,K0DWZ,2011-04-11
1374,KE6SEI,2011-04-12
1375,M0UTD,2011-04-16
1376,EA2TA,2011-04-19
1377,RN3DMN,2011-05-02
1378,KW4G,2011-05-02
1379,W1GLO,2011-05-09
1380,K4AFR,2011-05-11
1381,5P1W,2011-05-11
1382,EX8AB,2011-05-11
1383,UA9TK,2011-05-14
1384,WB9FMR,2011-05-17
1385,G0MPR,2011-05-22
1386,AI4QJ,2011-05-30
1387,KU4BY,2011-05-30
1388,KB4NS,2011-05-30
1389,N3WLB,2011-05-30
1390,WD4KAV,2011-05-30
1391,F4ILX,2011-05-30
1392,KQ3Q,2011-05-30
1393,KM4XD,2011-05-31
1394,K7ASQ,2011-05-31
1395,AK5Y,2011-05-31
1396,AD0QO,2011-05-31
1397,KG4RUL,2011-05-31
1398,K4BSC,2011-05-31
1399,W9JR,2011-06-01
1400,KC2HEI,2011-06-07
1401,WA5MS,2011-06-14
1402,K7FRY,2011-06-19
1403,W2GLH,2011-06-27
1404,WQ1C,2011-07-01
1405,VE2UC,2011-07-01
1406,N2QMT,2011-07-04
1407,W9TCJ,2011-07-04
1408,WA3YTK,2011-07-04
1409,AA8VG,2011-07-05
1410,N2CQ,2011-07-05
1411,VK2MBK,2011-07-07
1412,VE3DV,2011-07-18
1413,WB3BDH,2011-07-18
1414,N6VHF,2011-07-19
1415,KY4J,2011-07-19
1416,SP9NWN,2011-07-21
1417,W4DTB,2011-07-23
1418,N4MAW,2011-07-26
1419,K1NOX,2011-07-26
1420,SQ5NWF,2011-07-29
1421,K0JZ,2011-07-29
1422,K2NCC,2011-07-29
1423,LW3ESH,2011-08-04
1424,N2GXJ,2011-08-08
1425,W8IDW,2011-08-09
1426,KP4RV,2011-08-09
1427,PY3CJS,2011-08-15
1428,N2UGA,2011-08-23
1429,K3CAL,2011-08-24
1430,M0IFR,2011-08-29
1431,M0CET,2011-08-29
1432,K5DDM,2011-08-29
1433,N6YC,2011-09-06
1434,K0MC,2011-09-10
1435,WB2QEF,2011-09-10
1436,VU2OB,2011-09-12
1437,NI3C,2011-09-13
1438,W0ICE,2011-09-23
1439,NF7T,2011-10-05
1440,K2QB,2011-10-06
1441,RX3VF,2011-10-11
1442,KD9G,2011-10-12
1443,K5CVD,2011-10-13
1444,XE1UYS,2011-10-14
1445,AD7KI,2011-10-14
1446,KB3MNO,2011-10-16
1447,OK1CT,2011-10-16
1448,KD5JHE,2011-10-17
1449,KR6ER,2011-10-20
1450,PY2AB,2011-11-02
1451,K2OI,2011-11-02
1452,WB8C,2011-11-05
1453,W0SRB,2011-11-09
1454,W6QP,2011-11-09
1455,W9JFB,2011-11-17
1456,IT9DVZ,2011-11-21
1457,CT1EWA,2011-11-22
1458,RA3VX,2011-11-23
1459,K9MIT,2011-11-25
1460,KC0DY,2011-11-27
1461,YO9ILX,2011-11-27
1462,K8QZK,2011-11-29
1463,IK8JKU,2011-12-04
1464,DL8VKO,2011-12-07
1465,AB8M,2011-12-13
1466,GW4GUG,2011-12-16
1467,KE4BLV,2011-12-28
1468,ND3H,2011-12-31
1469,TA1DX,2012-01-04
1470,VA7GEM,2012-01-04
1471,SP1DPA,2012-01-04
1472,PE1POI,2012-01-05
1473,PA3GAN,2012-01-05
1474,N4CPT,2012-01-05
1475,OE3UKW,2012-01-05
1476,ZL1LC,2012-01-06
1477,SV3ICL,2012-01-06
1478,OK1JIR,2012-01-09
1479,AJ4TF,2012-01-09
1480,WA8DJV,2012-01-11
1481,W7RIV,2012-01-13
1482,KA1PPV,2012-01-14
1483,KB8CMB,2012-01-17
1484,W9SDX,2012-01-17
1485,AB9QU,2012-01-18
1486,VE1GLW,2012-01-23
1487,DC0ASP,2012-01-23
1488,KO3D,2012-01-27
1489,N7ELB,2012-02-07
1490,WB5LAI,2012-02-17
1491,KF7GMV,2012-02-21
1492,JA1FMN,2012-02-24
1493,WM3PEN,2012-02-25
1494,VE3YF,2012-03-05
1495,AK4HR,2012-03-17
1496,KF4CQ,2012-03-17
1497,K8GGL,2012-03-17
1498,KB8AOB,2012-03-22
1499,AD0QM,2012-03-28
1500,WE8R,2012-03-28
1501,NM4SH,2012-03-31
1502,KK6BJ,2012-04-02
1503,DO1IP,2012-04-03
1504,WB9BW,2012-04-06
1505,KJ2U,2012-04-09
1506,K2CAF,2012-04-09
1507,NP4AW,2012-04-10
1508,NP3V,2012-04-13
1509,KA5VZG,2012-04-14
1510,K4NRS,2012-04-17
1511,WP4NYY,2012-04-19
1512,ZS6JPS,2012-04-20
1513,W7JSD,2012-04-21
1514,WA7SCH,2012-04-26
1515,N6VNI,2012-04-27
1516,N6STA,2012-04-30
1517,W8DCB,2012-05-06
1518,W5WF,2012-05-12
1519,KD0QYN,2012-05-12
1520,W8TNO,2012-05-22
1521,K8KGX,2012-05-28
1522,KC7RPO,2012-05-28
1523,K6IAA,2012-05-28
1524,K5TLL,2012-05-28
1525,K1RBY,2012-05-28
1526,N5XRD,2012-05-28
1527,EI3CTB,2012-05-28
1528,WA9AQQ,2012-05-28
1529,F5GPE,2012-05-28
1530,N8KSG,2012-05-28
1531,KG2MD,2012-05-28
1532,SM5SNF,2012-05-28
1533,N3GTY,2012-05-30
1534,N0MO,2012-06-02
1535,LY2BVB,2012-06-02
1536,N5MT,2012-06-02
1537,WH6S,2012-06-04
1538,K1SEA,2012-06-04
1539,VE6QO,2012-06-04
1540,KD6DWX,2012-06-04
1541,WA2HMM,2012-06-08
1542,CE2WZ,2012-06-10
1543,F8BFU,2012-06-16
1544,VE6DJT,2012-06-20
1545,WB4M,2012-06-26
1546,KC2YRR,2012-06-28
1547,K2FN,2012-06-29
1548,DH7OM,2012-07-01
1549,W7NZ,2012-07-03
1550,AA0AA,2012-07-05
1551,NC8J,2012-07-06
1552,W4WNT,2012-07-08
1553,K4REB,2012-07-10
1554,W8KRF,2012-07-10
1555,K3YP,2012-07-11
1556,W5JDA,2012-07-11
1557,ES6JAN,2012-07-16
1558,AI4QP,2012-07-23
1559,KK4JOW,2012-07-25
1560,NF8I,2012-07-25
1561,N7MJ,2012-07-26
1562,N1CBJ,2012-07-28
1563,N4NHO,2012-08-06
1564,M0LHS,2012-08-08
1565,JH7RTQ,2012-08-15
1566,AK4HP,2012-08-19
1567,W2PCC,2012-08-19
1568,KR4LU,2012-08-23
1569,KA0USA,2012-08-30
1570,AB9JT,2012-08-31
1571,W5YH,2012-09-06
1572,NE4U,2012-09-07
1573,K5KRB,2012-09-10
1574,W4HIX,2012-09-10
1575,WM9I,2012-09-17
1576,N4WXB,2012-09-23
1577,VA3UG,2012-09-23
1578,K4DCG,2012-09-24
1579,KC9SEB,2012-09-24
1580,WS4V,2012-09-26
1581,W2RAN,2012-09-28
1582,KI4SP,2012-09-29
1583,RV3YR,2012-10-06
1584,AI3T,2012-10-08
1585,SQ3LLJ,2012-10-11
1586,LU8AFR,2012-10-17
1587,G6BFP,2012-10-20
1588,ZS6ACW,2012-11-07
1589,LU3CM,2012-11-11
1590,UX1IW,2012-11-11
1591,K1ARL,2012-11-17
1592,LZ1KZX,2012-11-20
1593,W6BP,2012-11-20
1594,T6MH,2012-11-24
1595,NF9K,2012-11-26
1596,K7JJ,2012-12-05
1597,KJ4LEC,2012-12-22
1598,AC0TP,2012-12-22
1599,N2KBK,2012-12-27
1600,NA4EA,2012-12-27
1601,KC0OIO,2012-12-30
1602,N7WE,2013-01-01
1603,W4SDJ,2013-01-02
1604,K9DWR,2013-01-02
1605,K8FER,2013-01-02
1606,F6GCI,2013-01-03
1607,OE3DXA,2013-01-03
1608,KI4FW,2013-01-04
1609,KC4OBB,2013-01-04
1610,OM3PR,2013-01-04
1611,W9SMR,2013-01-04
1612,K5TLJ,2013-01-06
1613,AE0MT,2013-01-06
1614,W1EHQ,2013-01-06
1615,KF8MZ,2013-01-06
1616,WB5CXC,2013-01-07
1617,KB8KOJ,2013-01-07
1618,F4GWY,2013-01-08
1619,AC2FA,2013-01-09
1620,KC9UR,2013-01-09
1621,AK4VL,2013-01-10
1622,N9TX,2013-01-11
1623,N2TAO,2013-01-16
1624,K0STK,2013-01-17
1625,MW0WYN,2013-01-17
1626,LU1DA,2013-01-21
1627,WD4DIY,2013-01-25
1628,SP9XU,2013-01-26
1629,G4TZX,2013-01-27
1630,K3URT,2013-01-28
1631,KB8RTB,2013-01-30
1632,GW1IOT,2013-02-04
1633,WV2M,2013-02-04
1634,KD6CJI,2013-02-04
1635,KK4HEG,2013-02-08
1636,VA6JB,2013-02-14
1637,NP3T,2013-02-16
1638,N2WKL,2013-02-16
1639,K8EEE,2013-02-22
1640,VE3VID,2013-02-23
1641,AE7IH,2013-02-24
1642,KJ4RKB,2013-02-27
1643,VA2DXZ,2013-03-01
1644,AB3LZ,2013-03-02
1645,WA4VGZ,2013-03-02
1646,2M0BVN,2013-03-03
1647,LU5DQ,2013-03-03
1648,MM0LGS,2013-03-04
1649,KA4OIL,2013-03-06
1650,LU8DY,2013-03-08
1651,F1GRH,2013-03-13
1652,OM7AX,2013-03-16
1653,AC0XB,2013-03-17
1654,W5DKD,2013-03-18
1655,K6VIB,2013-03-18
1656,KG7AV,2013-03-20
1657,NU4N,2013-03-20
1658,KJ4ING,2013-03-24
1659,WA9ADT,2013-03-25
1660,LZ2HT,2013-03-25
1661,WA3MEZ,2013-03-28
1662,N7IY,2013-03-30
1663,LZ1BY,2013-04-01
1664,SV3QUQ,2013-04-02
1665,W7BIG,2013-04-03
1666,K4EZD,2013-04-03
1667,WH7GG,2013-04-07
1668,K7RFW,2013-04-10
1669,N2VWP,2013-04-11
1670,PA3EEG,2013-04-14
1671,3A2MW,2013-04-15
1672,EA8MT,2013-04-15
1673,W3WMU,2013-04-26
1674,IK4SXH,2013-05-08
1675,PR8EP,2013-05-11
1676,A61DJ,2013-05-15
1677,KF5GTX,2013-05-27
1678,N7WU,2013-05-27
1679,W4VKD,2013-05-27
1680,KA6JLT,2013-05-27
1681,VE2PTB,2013-05-27
1682,KE7CDD,2013-05-27
1683,N3LKZ,2013-05-27
1684,WD7WW,2013-05-27
1685,WA1PCY,2013-05-27
1686,WY1C,2013-05-28
1687,NS2X,2013-06-03
1688,N4GBK,2013-06-05
1689,KK4IAJ,2013-06-09
1690,N8YQX,2013-06-09
1691,K7FJM,2013-06-09
1692,KB3RAN,2013-06-10
1693,N9UKE,2013-06-12
1694,IW1GMD,2013-06-16
1695,AF5BV,2013-06-17
1696,KB1TJC,2013-06-17
1697,OK1KM,2013-06-19
1698,N4TPA,2013-06-19
1699,SA7BXU,2013-06-22
1700,KP3ER,2013-07-05
1701,KE4JB,2013-07-07
1702,KK7UF,2013-07-07
1703,NA1SA,2013-07-07
1704,OK1FGD,2013-07-26
1705,KE5SUE,2013-07-30
1706,WB8UUJ,2013-08-10
1707,OK2RO,2013-08-14
1708,AK4MK,2013-08-20
1709,KD0JCJ,2013-08-21
1710,N5TEA,2013-08-22
1711,W5RGM,2013-08-25
1712,OK1AKU,2013-08-27
1713,W2ECK,2013-09-19
1714,LU6XQB,2013-09-25
1715,NA4SO,2013-09-28
1716,K7EMR,2013-10-11
1717,KG7BFP,2013-11-06
1718,W9NED,2013-11-26
1719,IZ1TTR,2013-11-30
1720,N9TBD,2013-12-02
1721,AC7JM,2013-12-08
1722,K1REZ,2013-12-15
1723,F4GVZ,2013-12-15
1724,AF5FH,2013-12-17
1725,W2DEN,2013-12-17
1726,OK1VP,2013-12-27
1727,KB5WRK,2013-12-27
1728,OK1SLA,2013-12-29
1729,OO2T,2013-12-31
1730,N1DN,2014-01-02
1731,OE3MPB,2014-01-06
1732,WM9F,2014-01-06
1733,K6ATZ,2014-01-06
1734,W1ZU,2014-01-06
1735,VA2JPI,2014-01-08
1736,NZ1Q,2014-01-08
1737,OM3PQ,2014-01-11
1738,WA3GM,2014-01-14
1739,K7PAX,2014-01-14
1740,G7FGA,2014-01-14
1741,K6PBF,2014-01-16
1742,N4VUG,2014-01-18
1743,KF5PDM,2014-01-21
1744,KV4RH,2014-01-21
1745,KD5LCP,2014-01-22
1746,K4LEA,2014-01-25
1747,K5ABQ,2014-01-25
1748,KF5OEB,2014-01-27
1749,N7SCT,2014-01-29
1750,VA7AQ,2014-02-08
1751,N8FLW,2014-02-12
1752,KJ4ZNK,2014-02-14
1753,W3GXV,2014-02-16
1754,K8BHK,2014-02-17
1755,N4DAB,2014-02-26
1756,AA2IL,2014-02-28
1757,2E0YDT,2014-03-07
1758,W9ZZ,2014-03-08
1759,N5YHM,2014-03-11
1760,WJ5TX,2014-03-19
1761,ES7FU,2014-03-19
1762,K3AKE,2014-03-19
1763,VE3LTN,2014-03-19
1764,KK4BKP,2014-03-19
1765,WF5J,2014-03-19
1766,KD0OIX,2014-03-19
1767,KG7FXT,2014-03-21
1768,AB3EH,2014-03-25
1769,R6KEE,2014-03-25
1770,W5CWT,2014-03-29
1771,KC0JQO,2014-04-04
1772,W5UY,2014-04-04
1773,AA7WB,2014-04-04
1774,KJ6HT,2014-04-05
1775,KM5LY,2014-04-08
1776,KJ4CMA,2014-04-14
1777,W8WV,2014-04-21
1778,KG7BAN,2014-04-22
1779,WV4O,2014-04-25
1780,CX1FU,2014-04-30
1781,PA3N,2014-05-09
1782,IV3XUX,2014-05-19
1783,W4WLC,2014-05-28
1784,WY6Q,2014-05-28
1785,K7DTB,2014-05-28
1786,K8OSF,2014-05-28
1787,KE5IRK,2014-05-28
1788,K7XFM,2014-05-28
1789,KG6NFJ,2014-05-28
1790,WA1HGS,2014-05-28
1791,K0RQ,2014-05-29
1792,KJ6GHN,2014-05-29
1793,N9RWC,2014-05-29
1794,KD0RII,2014-06-03
1795,K2ZC,2014-06-03
1796,WB7UZO,2014-06-03
1797,NA8W,2014-06-04
1798,WA6OWM,2014-06-04
1799,N0HIU,2014-06-13
1800,BG4DRL,2014-06-14
1801,W5XIT,2014-06-15
1802,WA9KTT,2014-06-20
1803,DK6WH,2014-06-22
1804,W9EBV,2014-06-25
1805,DM1RTZ,2014-06-26
1806,KC9UMP,2014-06-26
1807,F1IWH,2014-06-27
1808,K9ATI,2014-07-01
1809,KB3ZNL,2014-07-03
1810,KK4HGY,2014-07-05
1811,K5MKS,2014-07-05
1812,AA9DL,2014-07-10
1813,N3IJW,2014-07-12
1814,DO2MPS,2014-07-13
1815,W5TMP,2014-07-15
1816,EA8CNR,2014-07-25
1817,K4KRK,2014-07-26
1818,K4ARS,2014-07-27
1819,EA5EHY,2014-07-28
1820,K3JAE,2014-07-31
1821,G8SGB,2014-07-31
1822,N8WBV,2014-08-01
1823,AH6AX,2014-08-01
1824,KX5U,2014-08-04
1825,AE8AM,2014-08-07
1826,A41OO,2014-08-08
1827,KC0YOE,2014-08-08
1828,N4SVC,2014-08-10
1829,N9BC,2014-08-10
1830,K3YBN,2014-08-10
1831,K0TAZ,2014-08-11
1832,AD0TA,2014-08-13
1833,W3FFZ,2014-08-13
1834,K7GAN,2014-08-14
1835,M6TET,2014-08-14
1836,VA3ZDX,2014-08-15
1837,AE7WI,2014-08-16
1838,KD0MQO,2014-08-16
1839,IU2BWQ,2014-08-17
1840,W1FDR,2014-08-17
1841,KA9QKD,2014-08-18
1842,N9VMO,2014-08-22
1843,N4RRR,2014-08-22
1844,NP2G,2014-08-24
1845,KD2DLL,2014-08-24
1846,OK1MLX,2014-08-30
1847,W9OV,2014-08-31
1848,BA1PK,2014-09-01
1849,K7ER,2014-09-01
1850,K7DF,2014-09-02
1851,IU0CXV,2014-09-02
1852,W5GSM,2014-09-02
1853,OM4MO,2014-09-03
1854,S56UVB,2014-09-04
1855,WA2HQL,2014-09-05
1856,KE4BFI,2014-09-07
1857,M3OVA,2014-09-07
1858,OK1VKK,2014-09-09
1859,F1UMO,2014-09-09
1860,K4BLL,2014-09-10
1861,IW1PPB,2014-09-11
1862,AC1AX,2014-09-14
1863,W1ALK,2014-09-14
1864,WX4TW,2014-09-17
1865,W9MDB,2014-09-19
1866,KD2FRX,2014-09-20
1867,KA0EGE,2014-09-21
1868,G0OJG,2014-09-22
1869,W3IY,2014-09-22
1870,2E0GBK,2014-09-24
1871,OK1LTV,2014-09-26
1872,N4DLT,2014-09-29
1873,N9SEO,2014-10-05
1874,VE9JMG,2014-10-05
1875,KG7NJQ,2014-10-05
1876,CT1EJB,2014-10-07
1877,AI8F,2014-10-05
1878,WY7MM,2014-10-13
1879,AK4YW,2014-10-13
1880,K3TCU,2014-10-13
1881,VE7BGD,2014-10-17
1882,KK4EYX,2014-10-17
1883,KB3UET,2014-10-19
1884,W8TOM,2014-10-22
1885,KI6TYH,2014-10-22
1886,M0SAS,2014-10-26
1887,HA1EM,2014-10-26
1888,N5YT,2014-10-27
1889,KD0WLB,2014-10-27
1890,KD8UEG,2014-10-30
1891,G1PCR,2014-10-31
1892,WA0WHE,2014-11-02
1893,N7EH,2014-11-02
1894,KK4RXU,2014-11-08
1895,HA0NGT,2014-11-09
1896,N1AB,2014-11-10
1897,NX6D,2014-11-13
1898,KX4WB,2014-11-14
1899,KF1P,2014-11-15
1900,K5SLE,2014-11-15
1901,KJ7DLL,2014-11-16
1902,KC4SAW,2014-11-16
1903,KG7DRN,2014-11-21
1904,AF7BN,2014-11-21
1905,W0JH,2014-11-22
1906,K4QZF,2014-11-23
1907,K0ZKK,2014-11-29
1908,K3BDQ,2014-11-29
1909,AD4RE,2014-11-29
1910,AE7ID,2014-11-30
1911,K4NES,2014-12-05
1912,KR0ES,2014-12-08
1913,WB4BAX,2014-12-12
1914,EW8AX,2014-12-13
1915,KM4BPE,2014-12-15
1916,N9UOM,2014-12-17
1917,KT4EP,2014-12-19
1918,AF7VT,2014-12-19
1919,KI3T,2014-12-21
1920,W8RID,2014-12-24
1921,KK5ZY,2014-12-26
1922,N7KFD,2014-12-27
1923,LU4DPL,2014-12-28
1924,WD9GCO,2014-12-30
1925,AJ7G,2014-12-31
1926,W6GRH,2014-12-31
1927,N5NX,2015-01-01
1928,SP9MDY,2015-01-01
1929,KR4UA,2015-01-02
1930,K4WNY,2015-01-02
1931,KJ6WKH,2015-01-03
1932,WR3T,2015-01-03
1933,KC7RG,2015-01-04
1934,KF6HI,2015-01-04
1935,VA2MFJ,2015-01-04
1936,N0MEU,2015-01-04
1937,N3FMO,2015-01-05
1938,PD9A,2015-01-05
1939,N9SOX,2015-01-06
1940,W8RWK,2015-01-06
1941,VE3WEJ,2015-01-07
1942,W7MIN,2015-01-08
1943,YL3GBC,2015-01-08
1944,N2IIE,2015-01-08
1945,YL73EPC,2015-01-09
1946,KC9LOX,2015-01-09
1947,F4GYM,2015-01-10
1948,WU2M,2015-01-10
1949,W5FKW,2015-01-11
1950,ON4VT,2015-01-15
1951,K0GC,2015-01-15
1952,N7AME,2015-01-15
1953,KN4XJ,2015-01-18
1954,PY3JFS,2015-01-18
1955,KG7HAX,2015-01-18
1956,KM4AF,2015-01-18
1957,KE4QCM,2015-01-20
1958,SV8LMQ,2015-01-24
1959,K9HW,2015-01-24
1960,KM4FO,2015-01-26
1961,KB5UKT,2015-01-26
1962,NV4C,2015-01-26
1963,7L4VYK,2015-01-27
1964,NN4E,2015-02-01
1965,M0NMC,2015-05-12
1966,KB9TVR,2015-02-01
1967,CE2EC,2015-02-02
1968,PD1AW,2015-02-02
1969,VY1MAB,2015-02-03
1970,KK9M,2015-02-04
1971,KC4OR,2015-02-04
1972,KN9TVE,2015-02-04
1974,K3MAW,2015-02-05
1976,DG8KAD,2015-02-08
1977,K3LRH,2015-02-09
1978,G1PIE,2015-02-09
1979,N4TTN,2015-02-09
1980,KJ4FSU,2015-02-09
1981,M3OPG,2015-02-12
1982,VA1CM,2015-02-13
1983,G7AFM,2015-02-22
1984,SP9KJU,2015-02-23
1985,KG5RJ,2015-02-23
1986,N9TKF,2015-02-24
1987,LB8QG,2015-02-25
1988,F4DZF,2015-03-04
1989,AG4ZL,2015-02-28
1990,WA4OMR,2015-03-09
1991,W9OCC,2015-03-09
1992,F1ABE,2015-03-10
1993,PD0HLA,2015-03-10
1994,N4NDR,2015-03-11
1995,KK6FVP,2015-03-13
1996,NJ8G,2015-03-14
1997,KG5CUK,2015-03-14
1998,VE3LFA,2015-03-15
1999,WA5RZJ,2015-03-15
2000,K1CME,2015-03-15
2001,N5DS,2015-03-15
2002,W6PZA,2015-03-15
2003,NV9S,2015-03-15
2004,NT6K,2015-03-15
2005,KF1BUZ,2015-03-15
2006,N8OFP,2015-03-15
2007,K9DEB,2015-03-15
2008,K6YEK,2015-03-15
2009,KD5WY,2015-03-16
2010,KA1YQC,2015-03-16
2011,DK5UR,2015-03-18
2012,KG5FCM,2015-03-20
2013,W3DP,2015-03-21
2014,W0QU,2015-03-21
2015,AC0ZF,2015-03-25
2016,K2RAH,2015-03-26
2017,W7RTL,2015-03-31
2018,KB0EOR,2015-04-01
2019,R1BAO,2015-04-01
2020,OH3GTL,2015-04-03
2021,HZ1SK,2015-04-03
2022,WA6I,2015-04-03
2023,WD2AKM,2015-04-04
2024,W0JRJ,2015-04-09
2025,EB4GRT,2015-04-16
2026,UR5ZVY,2015-04-16
2027,LU2DRS,2015-04-19
2028,PU2LJH,2015-04-25
2029,IU1DSU,2015-04-25
2030,EA3GCT,2015-04-29
2031,N4JPG,2015-05-01
2032,KE8AJF,2015-05-01
2033,PY1WX,2015-05-02
2034,KB6IGK,2015-05-03
2035,KK4ZVD,2015-05-04
2036,IZ4WLD,2015-05-08
2037,N2CJN,2015-05-16
2038,AG4RR,2015-05-22
2039,KE4GUQ,2015-05-22
2040,NP3IR,2015-05-22
2041,N5LCP,2015-05-22
2042,W2WCC,2015-05-22
2043,N6RDR,2015-05-22
2044,VE2KBS,2015-05-22
2045,AK3GR,2015-05-22
2046,WP4OFO,2015-05-22
2047,KD6FEC,2015-05-22
2048,KF5SLK,2015-05-22
2049,N7PVA,2015-05-22
2050,N1MDX,2015-05-23
2051,WB9VKZ,2015-05-23
2052,W4CAN,2015-05-23
2053,AF4RK,2015-05-23
2054,WD8KNC,2015-05-23
2055,W4BDA,2015-05-23
2056,VE7BH,2015-05-23
2057,AD5MQ,2015-05-23
2058,K7REL,2015-05-23
2059,KJ4HTY,2015-05-23
2060,W3QT,2015-05-23
2061,KW3F,2015-05-23
2062,W6INO,2015-05-23
2063,K8CMO,2015-05-23
2064,W5RSC,2015-05-23
2065,K1FDP,2015-05-24
2066,AG1A,2015-05-24
2067,AE4S,2015-05-24
2068,AD7ZJ,2015-05-24
2069,KP4KD,2015-05-24
2070,K0YL,2015-05-24
2071,K9IA,2015-05-24
2072,K5QPO,2015-05-26
2073,NP3DM,2015-05-26
2074,KF7KWV,2015-05-27
2075,W4JOV,2015-05-27
2076,VA3MWL,2015-05-27
2077,W0QFW,2015-05-30
2078,ON4RK,2015-05-31
2079,SM0LPO,2015-06-01
2080,KF5KEL,2015-06-02
2081,YO6FPW,2015-06-03
2082,HS7WMU,2015-06-05
2083,LU1BJW,2015-06-05
2084,N8LFK,2015-06-05
2085,WA4STO,2015-06-07
2086,W8PAW,2015-06-12
2087,WA5UFO,2015-06-15
2088,W6AER,2015-06-17
2089,W3FGD,2015-06-21
2090,N3IPN,2015-06-23
2091,N7DK,2015-06-25
2092,KM4LBC,2015-06-30
2093,PA3CQF,2015-07-04
2094,AL7JK,2015-07-04
2095,WD0K,2015-07-07
2096,YC8QT,2015-07-09
2097,SV1EDY,2015-07-13
2098,AJ5W,2015-07-15
2099,YB6DE,2015-07-16
2100,WL7CG,2015-07-17
2101,KB3IPY,2015-07-21
2102,KD4JS,2015-07-21
2103,KF4FK,2015-08-01
2104,N4MAR,2015-08-01
2105,W8BI,2015-08-05
2106,KB8UEY,2015-08-05
2107,K0AAJ,2015-08-05
2108,I3PVE,2015-08-05
2109,N0BAD,2015-08-07
2110,AJ3DI,2015-08-08
2111,IZ8GUH,2015-08-16
2112,ON4CGW,2015-08-17
2113,KR3A,2015-08-20
2114,M0LMR,2015-08-20
2115,KC5OUR,2015-08-22
2116,KJ6WWM,2015-08-22
2117,YV1GIY,2015-08-24
2118,2E0HPI,2015-08-25
2119,W1NU,2015-08-28
2120,WB6RLC,2015-09-05
2121,W5PTT,2015-09-08
2122,KD2FPP,2015-09-10
2123,UR5SAU,2015-09-11
2124,UR5LY,2015-09-14
2125,VE1AUZ,2015-09-14
2126,KW8X,2015-09-16
2127,KB8BIP,2015-09-21
2128,ZS6ZA,2015-09-22
2129,VK3ASC,2015-09-26
2130,WB7TLK,2015-10-04
2131,YB2VMC,2015-10-04
2132,N8TUT,2015-10-11
2133,M0HYE,2015-10-17
2134,N3MLB,2015-10-19
2135,M0FOX,2015-10-21
2136,N8RO,2015-11-04
2137,W6LVP,2015-11-08
2138,KC9UL,2015-11-11
2139,N4UQM,2015-11-13
2140,WD0CNZ,2015-11-13
2141,K0MCI,2015-11-14
2142,R7DA,2015-11-14
2143,PY1GB,2015-11-16
2144,UA0L,2015-11-18
2145,G0MUC,2015-11-19
2146,VE5AAA,2015-11-26
2147,F5NMK,2015-11-28
2148,OK2WMC,2015-11-30
2149,MI0ULK,2015-12-01
2150,N4KPJ,2015-12-01
2151,WD9GYM,2015-11-30
2152,KK6NTL,2015-11-29
2153,WA6ES,2015-11-29
2154,WA8LPI,2015-12-02
2155,K8AET,2015-12-05
2156,ON3CQ,2015-12-06
2157,WN8QGV,2015-12-09
2158,NA6AF,2015-12-10
2159,VE2OCH,2015-12-10
2160,AA4BG,2015-12-10
2161,EA7AJP,2015-12-10
2162,9A0W,2015-12-11
2163,N6CEK,2015-12-12
2164,PA3BMC,2015-12-16
2165,KL7QW,2015-12-16
2166,KD8NV,2015-12-17
2167,IT9FZX,2015-12-19
2168,W3BRK,2015-12-20
2169,KF7WQP,2015-12-27
2170,PA3GUW,2015-12-26
2171,KI4IOV,2015-12-25
2172,KD3PC,2015-12-25
2173,W1HS,2015-12-24
2174,KC9IRL,2015-12-23
2175,ON6PJ,2015-12-30
2176,KK5ID,2015-12-31
2177,IZ3XNJ,2015-12-31
2178,KD9BGY,2016-01-01
2179,K9JFB,2016-01-01
2180,N1DRS,2016-01-01
2181,N8BB,2016-01-02
2182,KW7M,2016-01-01
2183,KE0GAO,2016-01-02
2184,VE9ZZ,2016-01-02
2185,N2MKT,2016-01-02
2186,JR1AQN,2016-01-02
2187,W4NQP,2016-01-02
2188,AE4GS,2016-01-02
2189,KM4MK,2016-01-02
2190,W4TTZ,2016-01-03
2191,KN5G,2016-01-03
2192,KC5GTS,2016-01-03
2193,KC1SA,2016-01-04
2194,NN8W,2016-01-04
2195,K3JZD,2016-01-04
2196,KC1DVT,2016-01-05
2197,KD4AMP,2016-01-05
2198,KA9VRX,2016-01-05
2199,WR0N,2016-01-10
2200,SV1JRS,2016-01-11
2201,KE0ABA,2016-01-12
2202,RA9CUU,2016-01-12
2203,W7PFB,2016-01-13
2204,VE2MLS,2016-01-15
2205,UA0AV,2016-01-17
2206,N4CAX,2016-01-18
2207,W0TMW,2016-01-18
2208,YL3ID,2016-01-19
2209,WG1M,2016-01-20
2210,KC9UJS,2016-01-21
2211,AI6DO,2016-01-22
2212,F1DSZ,2016-01-25
2213,KD2HEK,2016-01-27
2214,N7LUF,2016-01-28
2215,G6PCU,2016-01-28
2216,KC3EOV,2016-01-30
2217,VA3ENF,2016-01-31
2219,N8FL,2016-02-01
2220,RZ4AZ,2016-02-01
2221,KU4A,2016-02-04
2222,K6RIG,2016-02-05
2223,WW6Q,2016-02-05
2224,WE4N,2016-02-06
2225,OP4A,2016-02-07
2226,W4YES,2016-02-08
2227,LU1HVK,2016-02-09
2228,LU1ECO,2016-02-09
2229,7X3WPL,2016-02-09
2230,PU2LSB,2016-02-09
2231,WY9U,2016-02-10
2232,KA8G,2016-02-10
2233,W9KHP,2016-02-11
2234,OK1VK,2016-02-12
2235,W3UAV,2016-02-11
2236,OM8CD,2016-02-12
2237,W1JTS,2016-02-13
2238,KJ4IXG,2016-02-13
2239,NB8F,2016-02-13
2240,K5CBS,2016-02-13
2241,N5SLY,2016-02-14
2242,W9MNM,2016-02-15
2243,AD5FK,2016-02-16
2244,VA3PCJ,2016-02-18
2245,KC8TVW,2016-02-20
2246,NG2Q,2016-02-20
2247,WD0EDO,2016-02-22
2248,W4RTT,2016-02-24
2249,KO0TER,2016-02-23
2250,W6DLF,2016-02-27
2251,N5ME,2016-02-28
2252,RN3Z,2016-02-29
2253,N9MXQ,2016-02-29
2254,K6CZH,2016-03-02
2255,WB4OMM,2016-03-02
2256,AA2S,2016-03-05
2257,NR5Z,2016-03-05
2258,M3NMQ,2016-03-06
2259,WR0H,2016-03-06
2260,K4RJD,2016-03-09
2261,2E0DKH,2016-03-09
2262,K1YPP,2016-03-14
2263,LW1DXH,2016-03-15
2264,IU0GJB,2016-03-18
2265,KC0TRK,2016-03-18
2266,K4LAW,2016-03-20
2267,WJ4HCP,2016-03-19
2268,W2XYZ,2016-03-19
2269,W2WQU,2016-03-20
2270,W5TZX,2016-03-20
2271,K4RML,2016-03-20
2272,PD2ATG,2016-03-20
2273,K7ADD,2016-03-20
2274,KA2GQQ,2016-03-20
2275,KD5OSN,2016-03-20
2276,W4GOK,2016-03-20
2277,N4ACK,2016-03-20
2278,K8TRL,2016-03-20
2279,VE4RK,2016-03-20
2280,W3JCB,2016-03-21
2281,EI4GZB,2016-03-21
2283,KG1GEM,2016-03-23
2284,W8YIH,2016-03-23
2285,KI4EEY,2016-03-23
2286,WX4SNO,2016-03-23
2287,WA3FRQ,2016-03-23
2288,KM4PDM,2016-03-26
2289,KC4SIT,2016-03-30
2290,AB4GR,2016-03-30
2291,W3TW,2016-04-02
2292,VU2DED,2016-04-05
2293,WA2ZFO,2016-04-05
2294,3Z9K,2016-04-06
2295,W1ARY,2016-04-06
2296,WF9M,2016-04-07
2297,VU2IBI,2016-04-08
2298,VA2MO,2016-04-09
2299,KQ9P,2016-04-09
2300,N7LVS,2016-04-09
2301,VA3FLF,2016-04-09
2302,N7MJS,2016-04-09
2303,N4JRP,2016-04-10
2304,PY3TO,2016-04-10
2305,K5SSL,2016-04-11
2306,KE7AV,2016-04-11
2307,KA8WMF,2016-04-14
2308,KD0MOA,2016-04-17
2309,K9QJS,2016-04-17
2310,WB2YJS,2016-04-18
2311,AK4CJ,2016-04-23
2312,KM4SLW,2016-04-24
2313,W9BQO,2016-04-28
2314,AK7DB,2016-04-29
2315,N4BUA,2016-05-01
2316,KM4TFM,2016-05-06
2317,K5SPJ,2016-05-08
2318,KW4CR,2016-05-11
2319,SV9RGI,2016-05-15
2320,YV5OIE,2016-05-17
2321,KM4PJJ,2016-05-17
2322,A65DF,2016-05-20
2323,R7KKO,2016-05-21
2324,VE2UGO,2016-05-21
2325,EA4TD,2016-05-24
2326,KA1AL,2016-05-26
2327,KD8UWF,2016-05-26
2328,WB8YXF,2016-05-26
2329,N7CGD,2016-05-27
2330,N5UGA,2016-05-27
2331,N2EIM,2016-05-27
2332,VE5RC,2016-05-27
2333,K7AAO,2016-05-27
2334,N1GB,2016-05-27
2335,N7TNG,2016-05-28
2336,W8LMG,2016-05-28
2337,VO1IRA,2016-05-28
2338,AD0QI,2016-05-28
2339,KS0E,2016-05-28
2340,N8CFM,2016-05-28
2341,W4YPW,2016-05-28
2342,W0AP,2016-05-28
2343,AE6MO,2016-05-28
2344,KP4DQC,2016-05-28
2345,KZ7ZUL,2016-05-28
2346,N0LLH,2016-05-28
2347,K4ARE,2016-05-28
2348,KG4OPX,2016-05-29
2349,AK5CT,2016-05-29
2350,KB8LFA,2016-05-29
2351,W9FTV,2016-05-29
2352,KB2GCG,2016-05-29
2353,KC1AJT,2016-05-29
2354,PD1SA,2016-05-29
2355,KZ9V,2016-05-30
2356,EI8EJB,2016-05-30
2357,WA5P,2016-05-30
2358,AJ2G,2016-05-30
2359,WD9EQD,2016-05-31
2360,PY2EMI,2016-06-01
2361,N8MAS,2016-06-01
2362,KC0TJK,2016-06-02
2363,VE9FX,2016-06-05
2364,SP6DRT,2016-06-05
2365,ON6SAT,2016-06-05
2366,KB1HNZ,2016-06-05
2367,ZF1DM,2016-06-06
2368,KG5BQQ,2016-06-06
2369,AC2OC,2016-06-07
2370,SP4TXI,2016-06-09
2371,YV6CR,2016-06-13
2372,LU2DD,2016-06-13
2373,N8RJP,2016-06-13
2374,WW8O,2016-06-18
2375,AE8D,2016-06-19
2376,K2EEF,2016-06-21
2377,UT5QBC,2016-06-22
2378,KE8B,2016-06-22
2379,JN3IWE,2016-06-24
2380,N4KP,2016-06-30
2381,YB1HDR,2016-07-01
2382,W8MSC,2016-07-01
2383,W3ATT,2016-07-03
2384,KC2LM,2016-07-03
2385,KC1BOS,2016-07-04
2386,KI8DU,2016-07-05
2387,KD4PK,2016-07-07
2388,K8SEM,2016-07-09
2389,AC8WS,2016-07-18
2390,K6TB,2016-07-18
2391,IT9GJK,2016-07-19
2392,AI6NT,2016-07-20
2393,WY4O,2016-07-20
2394,KB0PGI,2016-07-21
2395,NC3U,2016-07-26
2397,ZS4JAN,2016-07-31
2398,KE5ISO,2016-07-31
2399,IW2IBG,2016-08-01
2400,WB4SNU,2016-08-03
2401,PU4MHO,2016-08-04
2402,NI6V,2016-08-04
2403,KJ4KVC,2016-08-08
2404,AA4OG,2016-08-10
2405,IZ0KBA,2016-08-10
2406,WC3T,2016-08-11
2407,K3BTR,2016-08-12
2408,K3ABE,2016-08-14
2409,EW6FW,2016-08-18
2410,N2GSL,2016-08-21
2411,AE0IB,2016-08-22
2412,M0AUI,2016-08-25
2413,K9POL,2016-08-26
2414,IZ8UYT,2016-08-28
2415,KE0GHU,2016-08-30
2416,W5DTX,2016-08-31
2417,K5ATG,2016-08-31
2418,KE0FDX,2016-09-08
2419,KC6NAT,2016-09-11
2420,W0LQ,2016-09-11
2421,KM4TVS,2016-09-14
2422,WE2LEW,2016-09-19
2423,W7AII,2016-09-23
2424,K7NWF,2016-09-25
2425,KI4P,2016-09-27
2426,AC5OY,2016-10-01
2427,KK4ODQ,2016-10-03
2428,SN6P,2016-10-03
2429,HB9FVL,2016-10-04
2430,AC0DX,2016-10-14
2431,N5AYB,2016-10-20
2432,IK2UVR,2016-10-22
2433,AB5XS,2016-10-29
2434,KO4FD,2016-10-30
2435,K4BXR,2016-11-01
2436,ER2OZ,2016-11-01
2437,K5VPN,2016-11-07
2438,YV3BAR,2016-11-07
2439,EA1IQM,2016-11-15
2440,UA1ZFG,2016-11-15
2441,K4EET,2016-11-15
2442,KA7X,2016-11-18
2443,KB0LCO,2016-11-19
2444,KA5PFB,2016-11-21
2445,KC3HMY,2016-11-22
2446,KE8EYQ,2016-11-24
2447,W0CD,2016-11-25
2448,YO9IOE,2016-11-25
2449,KW4LV,2016-11-30
2450,WA3YNW,2016-12-01
2451,KJ4UDD,2016-12-03
2452,N0RSN,2016-12-03
2453,IK2HTY,2016-12-07
2454,PU2RTO,2016-12-11
2455,KG7OMM,2016-12-11
2456,NP3F,2016-12-12
2457,RA6AVP,2016-12-16
2458,AG5AZ,2016-12-17
2459,KJ0DY,2016-12-24
2460,WA5M,2016-12-23
2461,AE4TG,2016-12-18
2462,UT0FC,2016-12-18
2463,KJ7V,2016-12-18
2464,PP5XA,2017-01-01
2465,R3IBT,2017-01-05
2466,AE3J,2017-01-06
2467,W3LSW,2017-01-07
2468,KU4H,2017-01-07
2469,VE2NCG,2017-01-07
2470,K2WJ,2017-01-07
2471,AF7NX,2017-01-08
2472,K8ULT,2017-01-08
2473,N3CKI,2017-01-09
2474,KC8MUE,2017-01-10
2475,M6ENP,2017-01-10
2476,WZ5TM,2017-01-11
2477,W0SKM,2017-01-14
2478,K4KGM,2017-01-14
2479,K0SZ,2017-01-14
2480,N1NZL,2017-01-15
2481,OD5SK,2017-01-19
2483,EA7FMT,2017-01-24
2484,KK6KMU,2017-01-25
2485,VE7KCY,2017-01-31
2486,W1HMM,2017-02-04
2487,KG5KRZ,2017-02-06
2488,KE0LFX,2017-02-06
2489,N8AWR,2017-02-08
2490,IK8IOO,2017-02-09
2491,KF5WVJ,2017-02-09
2493,VE3NLW,2017-02-24
2494,KC2VAW,2017-02-28
2495,N8SJS,2017-03-04
2496,KE1R,2017-03-09
2497,AA4JQ,2017-03-13
2498,K2EDW,2017-03-14
2499,KD8NJY,2017-03-18
2500,KG7KPO,2017-03-18
2501,N2BRD,2017-03-19
2502,WA3JMV,2017-03-19
2503,KY4RPH,2017-03-19
2504,W4JWC,2017-03-22
2505,AB2EZ,2017-03-26
2506,AG7AG,2017-03-26
2507,KB4S,2017-03-27
2508,K9FAA,2017-03-27
2509,M0FLF,2017-03-31
2510,WV3S,2017-03-31
2511,G0LUB,2017-03-31
2512,YV6GM,2017-04-04
2513,W1XI,2017-04-05
2514,G7OBS,2017-04-08
2515,KE0KAC,2017-04-10
2516,K2EXE,2017-04-11
2517,AK4NY,2017-04-13
2518,K7DWI,2017-05-01
2519,IU2DMI,2017-05-10
2520,KM4JGC,2017-05-12
2521,XE2EX,2017-05-13
2522,CO2DSE,2017-05-22
2523,CM3EFM,2017-05-24
2524,CO5LB,2017-05-24
2525,SP4LVK,2017-05-25
2526,KB0VFT,2017-05-26
2527,KD9ERS,2017-05-26
2528,KS3O,2017-05-27
2529,K6VXI,2017-05-27
2530,AD9H,2017-05-27
2531,W4PPC,2017-05-27
2532,AG6OX,2017-05-28
2533,N8GOU,2017-05-28
2534,KM4VKY,2017-05-28
2535,N0LNK,2017-05-30
2536,KJ4LQX,2017-05-30
2537,WM6L,2017-05-30
2538,N4LDF,2017-05-31
2539,KN6Q,2017-06-01
2540,W3BUG,2017-06-02
2541,IU0ICA,2017-06-05
2542,KI4VMK,2017-06-06
2543,OK1URO,2017-06-08
2544,KB9VK,2017-06-11
2545,KM4NOW,2017-06-11
2546,WA4TMJ,2017-06-15
2547,N8XE,2017-06-19
2548,KM4VHI,2017-06-20
2549,KA2YRA,2017-06-26
2550,W7JHR,2017-06-27
2551,NO7E,2017-06-29
2552,W5MMW,2017-06-29
2553,K9EXY,2017-06-30
2554,G4GVB,2017-07-01
2555,K3NP,2017-07-02
2556,WA5TRL,2017-07-07
2557,WA5CAM,2017-07-16
2558,YC6JRT,2017-07-19
2559,N5BMD,2017-07-29
2560,KC9CLO,2017-08-03
2561,AC8CB,2017-08-06
2562,OK1PSI,2017-08-08
2563,K4THB,2017-08-11
2564,CO5MK,2017-08-11
2565,AD7QC,2017-08-17
2566,KC3FL,2017-08-21
2567,YB3MM,2017-08-23
2568,KG5THG,2017-08-24
2569,W6BSD,2017-08-28
2570,W5KHZ,2017-09-03
2571,NU1G,2017-09-03
2572,N8LIS,2017-09-05
2573,CM2RSV,2017-10-15
2574,AC8SW,2017-11-01
2575,W6IPA,2017-11-12
2576,ZS1ALJ,2017-11-16
2577,K3RTK,2017-11-20
2578,VE2NGO,2017-11-21
2579,K2MFW,2017-11-27
2580,K1JWJ,2017-11-29
2581,W8VYM,2017-12-07
2582,K4STM,2017-12-08
2583,KW7U,2017-12-09
2584,K2OZZ,2017-12-16
2585,N0YCY,2017-12-25
2586,KC8ROA,2017-12-26
2587,K9CEW,2018-01-01
2588,VE2PI,2018-01-02
2589,KC3GSV,2018-01-06
2590,KE4PWE,2018-01-06
2591,KA4TLC,2018-01-06
2592,N5PTA,2018-01-07
2593,KW2B,2018-01-06
2594,N3UBI,2018-01-16
2595,KK5UG,2018-01-17
2596,K8RLE,2018-01-18
2597,WS8G,2018-02-06
2598,W9ICK,2018-02-09
2599,AC0A,2018-02-12
2600,K3IRV,2018-02-13
2601,WB4OSU,2018-02-18
2602,W5NWT,2018-02-19
2603,N4TIZ,2018-03-06
2604,AI4FR,2018-03-09
2605,KE1AF,2018-03-14
2606,XE3A,2018-03-16
2607,K6RKY,2018-03-17
2608,KE0EVO,2018-03-17
2609,K6NIA,2018-03-18
2610,WA2AAR,2018-03-23
2611,WA4YIZ,2018-03-25
2612,K0PIR,2018-03-26
2613,N0WVU,2018-03-28
2614,N1AV,2018-03-28
2615,KM8V,2018-03-29
2616,N7NAD,2018-03-29
2617,AC7FF,2018-03-30
2618,KD6TR,2018-04-04
2619,GM3MZX,2018-04-07
2620,KB9RPS,2018-04-11
2621,XE1HON,2018-04-13
2622,WE4SEL,2018-04-14
2623,KC7RSL,2018-04-14
2624,WE4RIC,2018-04-29
2625,N4AHO,2018-05-06
2626,KI5WA,2018-05-08
2627,N4ZCG,2018-05-20
2628,N5YYF,2018-05-24
2629,NN9K,2018-05-28
2630,KG5RMJ,2018-05-29
2631,W3AF,2018-06-01
2632,WZ0M,2018-06-01
2633,NC3O,2018-06-01
2634,K8SD,2018-06-02
2635,AB1LF,2018-06-02
2636,K4JKB,2018-06-02
2637,N4JAW,2018-06-03
2638,AA3YT,2018-06-04
2639,W6HMT,2018-06-09
2640,KM4RTP,2018-06-11
2641,K4GBB,2018-06-13
2642,W1GOV,2018-06-17
2643,WA4AAV,2018-06-30
2644,W8CON,2018-07-04
2645,K5KHK,2018-07-10
2646,W4DMK,2018-07-12
2647,KM4OJV,2018-07-14
2648,KC0RZP,2018-07-17
2649,AD4Y,2018-07-28
2650,K5AEB,2018-08-12
2651,K3CNH,2018-08-16
2652,N4CPQ,2018-08-18
2653,W4BZM,2018-09-04
2654,W1SMC,2018-09-22
2655,DH5MM,2018-10-07
2656,ZP5DNB,2018-11-01
2657,KE9CK,2018-11-18
2658,VE3RXO,2018-11-25
2659,N6PE,2018-12-06
2660,W0BNE,2018-12-08
2661,KC3HRS,2018-12-20
2662,KI7OIY,2018-12-29
2663,AF4K,2018-12-30
2664,VK6YTS,2019-01-04
2665,KR4GM,2019-01-05
2666,KZ9HMR,2019-01-16
2667,W9BLF,2019-01-18
2668,KT5CT,2019-01-20
2669,W9GOO,2019-01-20
2670,KT5WB,2019-01-21
2671,NR9F,2019-01-21
2672,N4QNF,2019-01-22
2673,AI4WW,2019-02-03
2674,KA1ULN,2019-02-03
2675,NA6NA,2019-02-03
2676,W9RLL,2019-02-06
2677,W4NKL,2019-02-07
2678,KX4JC,2019-03-11
2679,KE8JNU,2019-03-13
2680,G7SYW,2019-04-02
2681,N7ESU,2019-04-05
2682,AB9AX,2019-04-08
2683,KG5GJT,2019-04-09
2684,W0CBF,2019-04-11
2685,CO2QU,2019-05-17
2686,ON6AT,2019-05-19
2687,WS1ETI,2019-05-21
2688,N2CSA,2019-05-26
2689,WD5FVQ,2019-05-30
2690,KM4ODS,2019-05-31
2691,K5RWG,2019-05-31
2692,YV4YY,2019-06-02
2693,N8TCP,2019-06-07
2694,KC0VEP,2019-06-08
2695,AD8FX,2019-06-16
2696,KM4WII,2019-06-24
2697,WA1FFT,2019-07-17
2698,KC3DNG,2019-07-20
2699,KD9ADB,2019-07-26
2700,VE9BGC,2019-08-04
2701,W3GWM,2019-08-04
2702,K0FE,2019-08-14
2703,KD2QAK,2019-08-17
2704,WC4T,2019-09-15
2705,W5UOT,2019-09-17
2706,KK4OVW,2019-09-22
2707,AC8NM,2019-10-12
2708,WB2KQG,2019-10-15
2709,KE0CQB,2019-10-29
2710,KZ1O,2019-11-05
2711,KI0HZ,2019-11-28
2712,VA3TTB,2019-12-01
2713,K0CYA,2019-12-10
2714,K8AEF,2019-12-11
2715,WB5K,2019-12-15
2716,K1KL,2019-12-16
2717,YO4BEW,2019-12-18
2718,K4MVM,2019-12-18
2719,KC0QNB,2019-12-29
2720,W7OXB,2019-12-30
2721,K8RGI,2019-12-31
2722,N3XL,2019-12-31
2723,N1UKX,2020-01-03
2724,N3BXZ,2020-01-05
2725,KJ7EP,2020-01-06
2726,NX1Q,2020-01-12
2727,K4VBM,2020-01-12
2728,W4LID,2020-01-13
2729,N0STN,2020-01-21
2730,W0CI,2020-01-26
2731,N7WEJ,2020-02-02
2732,WR5E,2020-02-14
2733,KC4UPR,2020-02-17
2734,K8LEN,2020-02-26
2735,N4UCU,2020-03-10
2736,KE8JNT,2020-03-26
2737,AK3B,2020-03-31
2738,NI8Z,2020-04-01
2739,N8GU,2020-04-02
2740,KQ3K,2020-04-02
2741,WA4RXK,2020-04-03
2742,K8MAR,2020-04-03
2743,W5OTR,2020-04-04
2744,K1DCT,2020-04-04
2745,KM6KIZ,2020-04-05
2746,KD9DVB,2020-04-08
2747,NO1ZE,2020-04-13
2748,K4SAA,2020-04-13
2749,KE0JBT,2020-04-17
2750,K8PVH,2020-04-23
2751,SV2CXW,2020-05-04
2752,KM4UDX,2020-05-07
2753,WB2VLM,2020-05-08
2754,WX2DX,2020-05-09
2755,WB6ZZY,2020-05-10
2756,AB9BZ,2020-05-20
2757,AD8FD,2020-05-24
2758,W4GHV,2020-05-25
2759,KG4OWE,2020-05-25
2760,K8ARY,2020-05-28
2761,KK9W,2020-05-29
2762,NZ1I,2020-05-29
2763,VU2EOJ,2020-05-29
2764,W0JSL,2020-05-29
2765,VA2SIB,2020-05-30
2766,KG6T,2020-05-31
2767,AG6AG,2020-05-31
2768,N7WLC,2020-06-01
2769,N1TYH,2020-06-01
2770,W5JJB,2020-06-02
2771,VA3SXP,2020-06-02
2772,AJ4WC,2020-06-07
2773,K3ALB,2020-06-07
2774,KJ7MEB,2020-06-08
2775,N2UZ,2020-06-09
2776,2I0WAI,2020-06-09
2777,KC2ASA,2020-06-10
2778,KD9NHZ,2020-06-15
2779,PF1JM,2020-06-16
2780,W4OCF,2020-06-18
2781,WA3LXD,2020-06-19
2782,N8EUI,2020-06-29
2783,KF4CAM,2020-07-05
2784,K2VTT,2020-07-05
2785,NZ4N,2020-07-05
2786,WA8UMT,2020-07-08
2787,VE3XDB,2020-07-17
2788,WS0Y,2020-07-21
2789,VA2YZX,2020-07-25
2790,KE4DRF,2020-07-25
2791,K3FKW,2020-07-26
2792,NS5A,2020-08-01
2793,VA3SB,2020-08-03
2794,ND9Y,2020-08-09
2795,AE0GQ,2020-09-13
2796,K9LZJ,2020-10-04
2797,NY7H,2020-10-09
2798,SP9GM,2020-10-20
2799,SP9MRP,2020-10-21
2800,WQ2H,2020-10-29
2801,KO4CVU,2020-11-10
2802,AC0CW,2020-11-10
2803,KD5LPB,2020-11-11
2804,SP6SOZ,2020-11-13
2805,N4NUI,2020-11-16
2806,K3YES,2020-11-22
2807,AC1JR,2020-11-26
2808,KD9MGA,2020-11-28
2809,KE0CEN,2020-11-29
2810,K0IFT,2020-12-03
2811,KZ4KX,2020-12-12
2812,KC3NGP,2020-12-18
2813,KD9ANS,2020-12-25
2814,WB3LGC,2020-12-30
2815,WA2BQU,2021-01-02
2816,KO4HXC,2021-01-11
2817,K0CP,2021-01-11
2818,K3SQA,2021-01-13
2819,K7UQ,2021-01-14
2820,NJ9D,2021-01-18
2821,KA6J,2021-01-19
2822,W1LOG,2021-01-22
2823,VE3ZDR,2021-01-31
2824,KC9CSC,2021-02-11
2825,WD4RCG,2021-02-17
2826,KM4LPW,2021-02-26
2827,WA5AMM,2021-03-02
2828,KN4FRG,2021-03-02
2829,CO2BK,2021-03-08
2830,KC7MAW,2021-04-09
2831,AC9HP,2021-04-10
2832,K3JSJ,2021-04-16
2833,KE0STT,2021-05-08
2834,KN4ZXG,2021-05-16
2835,N0TXW,2021-05-24
2836,WK2Y,2021-05-25
2837,W1ATV,2021-05-29
2838,TI2YO,2021-05-30
2839,TI2BSH,2021-05-30
2840,OA4DOS,2021-05-30
2841,KE5MIS,2021-06-03
2842,W6RQ,2021-06-02
2843,KD5ILA,2021-06-06
2844,AB8YZ,2021-06-06
2845,N5LPT,2021-06-07
2846,W4FLL,2021-06-07
2847,AA0RR,2021-06-07
2848,KG5SSB,2021-06-07
2849,WB8TDG,2021-06-07
2850,N4FA,2021-06-07
2851,WC9D,2021-06-11
2852,KC3EWJ,2021-06-16
2853,M0TAQ,2021-06-20
2854,N7AKG,2021-06-25
2855,KI5GX,2021-06-27
2856,KC8T,2021-07-01
2857,WB4QOJ,2021-07-14
2858,VE3LTP,2021-07-14
2859,N0ZNS,2021-07-17
2860,KV4T,2021-08-04
2861,KW2P,2021-08-05
2862,N9KJU,2021-08-07
2863,KC3RHQ,2021-08-17
2864,N8XYM,2021-08-22
2865,W5IKK,2021-08-22
2866,KM4LRH,2021-08-26
2867,VE3FGU,2021-08-28
2868,W0HL,2021-09-03
2869,W1SRR,2021-09-16
2870,WP4J,2021-09-22
2871,AF1R,2021-10-14
2872,KE5WCT,2021-10-18
2873,KC3QYP,2021-10-23
2874,KD4GUB,2021-10-31
2875,W5VRX,2021-11-01
2876,WB9KVI,2021-11-11
2877,W5TP,2021-11-11
2878,NR3I,2021-11-14
2879,KD9PCN,2021-11-18
2880,WB0YAF,2021-12-01
2881,WU9D,2021-12-10
2882,KG5PIO,2021-12-12
2883,KK6M,2021-12-29
2884,AB0H,2021-12-31
2885,KG8ZQ,2022-01-01
2886,KD2UBH,2022-01-05
2887,KE8QYK,2022-01-06
2888,W0HRO,2022-01-07
2889,KI6HQT,2022-01-09
2890,N2EPE,2022-01-09
2891,W7DHH,2022-01-09
2892,W6VZV,2022-01-09
2893,AG7CC,2022-01-09
2894,KK4E,2022-01-14
2895,KN4TFR,2022-01-17
2896,VE3OOZ,2022-01-23
2897,KO4XB,2022-01-29
2898,NF1T,2022-02-01
2899,AA4RF,2022-02-02
2900,W6DAD,2022-02-05
2901,WA7RCT,2022-02-05
2902,K4VIN,2022-02-08
2903,WB3AVZ,2022-02-10
2904,WB8ERJ,2022-02-10
2905,HA0BW,2022-02-22
2906,N5EIF,2022-02-24
2907,KE2KQ,2022-03-06
2908,KD2YJX,2022-03-07
2909,KA4UPI,2022-03-19
2910,KF4RHZ,2022-03-19
2911,KC9OO,2022-03-22
2912,N4TQX,2022-03-25
2913,W2PSK,2022-03-30
2914,N7TCO,2022-04-03
2915,KI4WVW,2022-04-06
2916,SV2SKD,2022-04-08
2917,K7QB,2022-04-09
2918,N3EMC,2022-04-09
2919,W7ZDX,2022-04-25
2920,K4PEW,2022-05-04
2921,AE5IS,2022-05-08
2922,WB4UBK,2022-05-14
2923,WA1LAD,2022-05-19
2924,AB8SF,2022-05-30
2925,N5YSQ,2022-06-03
2926,KB7LE,2022-06-03
2927,KI5KAT,2022-06-03
2928,AH6P,2022-06-04
2929,N4KXO,2022-06-04
2930,KO4YIN,2022-06-05
2931,N6SPP,2022-06-05
2932,W4ABF,2022-06-06
2933,WA3SEE,2022-06-06
2934,N4MEN,2022-06-11
2935,N3BIO,2022-07-03
2936,AB9CA,2022-07-04
2937,K1SEC,2022-07-05
2938,N1WBV,2022-07-15
2939,NX4T,2022-07-17
2940,N0KRO,2022-07-26
2941,W4MEA,2022-07-29
2942,KN4QHZ,2022-08-11
2943,KD7KDO,2022-08-20
2944,W4QYV,2022-08-28
2945,NN9C,2022-09-01
2946,N2UEM,2022-10-09
2947,WN0BSA,2022-10-16
2948,KD9EFO,2022-11-08
2949,NV0S,2022-12-01
2950,K3UK,2022-12-03
2951,KD5YS,2022-12-14
2952,KG0LH,2023-01-05
2953,IV3UHL,2023-01-06
2954,K1GWW,2023-01-08
2955,K1YB,2023-01-10
2956,KB0GT,2023-01-12
2957,WA0V,2023-01-15
2958,W8YA,2023-01-25
2959,K1RBC,2023-01-29
2960,AE7UF,2023-02-09
2961,N3BE,2023-02-14
2962,KF2HP,2023-03-28
2963,W9YV,2023-04-02
2964,N3HON,2023-04-02
2965,SQ2IP,2023-04-04
2966,W1RET,2023-04-15
2967,KM4TIX,2023-05-01
2968,K9JP,2023-05-19
2969,WS5ADV,2023-06-05
2970,W5TN,2023-06-05
2971,WB5EVO,2023-06-05
2972,KC3VPB,2023-06-04
2973,K1TNX,2023-06-03
2974,YO3GND,2023-06-01
2975,KW7MJA,2023-06-06
2976,WA3AAN,2023-06-07
2977,W5SUM,2023-06-24
2978,NE0DA,2023-06-26
2979,KO4TEZ,2023-07-06
2980,KC3SMW,2023-07-09
2981,W4GOP,2023-07-09
2982,AC9VM,2023-07-09